algorithm,original,reordered,model,size,column,value,rank_utils,gpt-3.5-turbo_error
random,"[13438 19509  1233 18016 19278 29658 29143 12366  5185 20070 10823  3753
  1671  8500 24654  4153 31908  7003 29660 20513  7891 17657  9704 24568
 27804 15003  6834  2032 28218 28068  2137   304 15511 26156 17117  3498
  6679 28007 20997  6917  6747  1746 32160  9607 18684  5313  8045  3125
  8718 14889  3749  6331 26044 19773 11787 16045 29904 31900 23067  2994
 16594 12279  6029 18811  1342  9616 23976 26785  8909  2623 28179 18174
 14333 11933 28870 19918 30747 19318 12568 22532  3944 29116 17685 31049
 13685  2432 21014 30201  7919 20821 13610 10879  9672  8673  6435 19364
 17728   794 19497  4333]","[13438 19509  1233 18016 19278 29658 29143 12366  5185 20070 10823  3753
  1671  8500 24654  4153 31908  7003 29660 20513  7891 17657  9704 24568
 27804 15003  6834  2032 28218 28068  2137   304 15511 26156 17117  3498
  6679 28007 20997  6917  6747  1746 32160  9607 18684  5313  8045  3125
  8718 14889  3749  6331 26044 19773 11787 16045 29904 31900 23067  2994
 16594 12279  6029 18811  1342  9616 23976 26785  8909  2623 28179 18174
 14333 11933 28870 19918 30747 19318 12568 22532  3944 29116 17685 31049
 13685  2432 21014 30201  7919 20821 13610 10879  9672  8673  6435 19364
 17728   794 19497  4333]",,100,code_module,EEE,0.7504404796487373,0.2
opt,"[ 3125 18016  1671  8673 19918  7891  4153 24568 21014  3749 19497 15003
  3498 17685 19773  2432  9616  2137  1746  2032 29116 28218 13610 13685
  8909 14889 24654 19278 30747  6331  3753 18174  5185  9672 23976 31900
 19364 22532  7003 29660  9704 11787  9607 20821  6679 32160 30201 17657
 17117 23067 29904  6834  1342 10823  4333 17728  2623 26785 20070 26156
   304 28068 14333 12279 16594  6435 12568 18684  6917 19318  2994  6747
 18811 16045  6029  7919  5313 20997 27804 28007 13438 31908   794 28870
 15511  8045  8718 11933 19509 28179  8500  1233 29143 29658 26044 12366
 31049  3944 20513 10879]","[19918, 21014, 19497, 19773, 19364, 20821, 20070, 20997, 19509, 20513, 3125, 18016, 1671, 8673, 7891, 4153, 24568, 3749, 15003, 3498, 17685, 2432, 9616, 2137, 1746, 2032, 29116, 28218, 13610, 13685, 8909, 14889, 24654, 19278, 30747, 6331, 3753, 18174, 5185, 9672, 23976, 31900, 22532, 7003, 29660, 9704, 11787, 9607, 6679, 32160, 30201, 17657, 17117, 23067, 29904, 6834, 1342, 10823, 4333, 17728, 2623, 26785, 26156, 304, 28068, 14333, 12279, 16594, 6435, 12568, 18684, 6917, 19318, 2994, 6747, 18811, 16045, 6029, 7919, 5313, 27804, 28007, 13438, 31908, 794, 28870, 15511, 8045, 8718, 11933, 28179, 8500, 1233, 29143, 29658, 26044, 12366, 31049, 3944, 10879]",,100,code_module,EEE,2.9289682539682538,0.6
warmup,"[13685  4153 20070 28007 20997 18811 24568 29904  2994 29660 29143 18684
  4333 26044 10879  1233 20821 18174  3753  6029 31049 19509  8909 28218
  1746 20513  6747  2623 26785  5313 11933 19364 15003  7003 26156  2137
  9607  5185  1671 18016  3749  3125 28870  6679 12279 21014  9704 23067
 19497  1342 23976   304 17728  8045  9616  6435  7891 12568  6834 28179
 13610 13438 29658 31908  2432  3944 31900 32160 19278 16045 28068 27804
  2032 11787 19918  6917   794  8718 14333  9672 19318  3498  7919 19773
  8500 17685 15511  6331 30747 22532 10823 14889 30201 29116  8673 17117
 24654 16594 17657 12366]","[20070, 20997, 18811, 20821, 20821, 19509, 31049, 19509, 20513, 20513, 19364, 21014, 19497, 19918, 19918, 19773, 19773, 13685, 4153, 28007, 24568, 29904, 2994, 29660, 29143, 18684, 4333, 26044, 10879, 1233, 18174, 3753, 6029, 8909, 28218, 1746, 6747, 2623, 26785, 5313, 11933, 15003, 7003, 26156, 2137, 9607, 5185, 1671, 18016, 3749, 3125, 28870, 6679, 12279, 9704, 23067, 1342, 23976, 304, 17728, 8045, 9616, 6435, 7891, 12568, 6834, 28179, 13610, 13438, 29658, 31908, 2432, 3944, 31900, 32160, 19278, 16045, 28068, 27804, 2032, 11787, 6917, 794, 8718, 14333, 9672, 19318, 3498, 7919, 8500, 17685, 15511, 6331, 30747, 22532, 10823, 14889, 30201, 29116, 8673]",mistral:7b,100,code_module,EEE,2.9633620464502823,1.4
bigraph,"[ 5313 11933 19509  6331  2623  2994 29660 30747 32160 23976  3749 12279
 31908 30201  3498 17117  6029 19918 23067  6747  9607 28870  7919 31049
 22532  8909 19497 26785 20821  1233 21014 26044  4333 18684 19278  3944
 29658  5185  7891 29904 10823  9704  2137  7003  3753  9672 17728 19773
  8718 28007  2432  1342  1746 13685 28179 28068  9616  6679 16045 17657
  6435 19318 14333 18811  8500 13610 31900 10879 29116 17685 20513  6917
  3125  4153 24654 11787 19364 18174 28218 20070  1671 20997 15003 15511
 16594 26156 18016 29143  2032   304 27804  8045 12366   794 24568  8673
 12568 14889 13438  6834]","[19918, 19497, 19773, 20997, 20821, 20070, 19509, 20513, 29143, 6331, 2994, 3944, 15003, 10879, 3125, 2032, 8718, 7003, 13685, 2623, 21014, 19364, 31900, 9616, 17657, 18174, 7919, 26785, 12279, 5185, 17117, 8500, 8045, 24654, 28179, 5313, 11933, 29660, 30747, 32160, 23976, 3749, 31908, 30201, 3498, 6029, 23067, 6747, 9607, 28870, 31049, 22532, 8909, 1233, 26044, 4333, 18684, 19278, 29658, 7891, 29904, 10823, 9704, 2137, 3753, 9672, 17728, 28007, 2432, 1342, 1746, 28068, 6679, 16045, 6435, 19318, 14333, 18811, 13610, 29116, 17685, 6917, 4153, 11787, 28218, 1671, 15511, 16594, 26156, 18016, 304, 27804, 12366, 794, 24568, 8673, 12568, 14889, 13438, 6834]",mistral:7b,100,code_module,EEE,2.8109307359307354,0.8
random,"[25657 15612 30388 16718 23232 13157 29691  5122  2538 15806 29556 29619
    88  2322  5253 28900 24806   456 25516 32331  7597 20506 20179  9230
 29796 22687 18056  6656 11843 18230 32538 21348 25447 29666  9582 27038
  9799  7015 27745 21320  3894  2452  5320 23952 30915 27528 31305 28143
 17466  1238  4314 24857  5294 24808 19325 10105 16444 10423 12292 12947
 27134 30126 22879 32365 17762  5456 10175  4429 30029 12766 24126 21321
 29163  8745 17596 15369   455  8975  9515  4857 14574 21559  9782 29378
  3507  6310  2033 25165 22356 29765 14170 30991 19190  7374 10236  7822
 23033  9362 28167  2931]","[25657 15612 30388 16718 23232 13157 29691  5122  2538 15806 29556 29619
    88  2322  5253 28900 24806   456 25516 32331  7597 20506 20179  9230
 29796 22687 18056  6656 11843 18230 32538 21348 25447 29666  9582 27038
  9799  7015 27745 21320  3894  2452  5320 23952 30915 27528 31305 28143
 17466  1238  4314 24857  5294 24808 19325 10105 16444 10423 12292 12947
 27134 30126 22879 32365 17762  5456 10175  4429 30029 12766 24126 21321
 29163  8745 17596 15369   455  8975  9515  4857 14574 21559  9782 29378
  3507  6310  2033 25165 22356 29765 14170 30991 19190  7374 10236  7822
 23033  9362 28167  2931]",,100,code_module,EEE,0.1712668171642191,1.6
opt,"[ 6310 31305   455 21320  5294 28143 17466 30126 15369 30915 32331  3507
 14574 12947 23033  5253 25447 10105  7822 22687 18056 29619 10236 27528
 28167  9515 29163 15612 32538 20179  1238 12292 17596 11843  8975  9582
 14170  9230  2538  8745  3894  9362  2452 27134 21559 25657 24808  4857
 24857 15806    88 10175 30388 22879  4314 22356  2931 16444 27745 12766
 29796 25165 20506  2322  7015 28900 25516 30991 32365   456 29666 27038
 29378  9799  7597  5456 18230 21348 24126  2033  6656 23232 24806 29691
  5320 29556 10423 29765 19325 21321 13157 30029  9782  4429 23952  5122
 16718 17762 19190  7374]","[21320, 20179, 21559, 20506, 21348, 21321, 6310, 31305, 455, 5294, 28143, 17466, 30126, 15369, 30915, 32331, 3507, 14574, 12947, 23033, 5253, 25447, 10105, 7822, 22687, 18056, 29619, 10236, 27528, 28167, 9515, 29163, 15612, 32538, 1238, 12292, 17596, 11843, 8975, 9582, 14170, 9230, 2538, 8745, 3894, 9362, 2452, 27134, 25657, 24808, 4857, 24857, 15806, 88, 10175, 30388, 22879, 4314, 22356, 2931, 16444, 27745, 12766, 29796, 25165, 2322, 7015, 28900, 25516, 30991, 32365, 456, 29666, 27038, 29378, 9799, 7597, 5456, 18230, 24126, 2033, 6656, 23232, 24806, 29691, 5320, 29556, 10423, 29765, 19325, 13157, 30029, 9782, 4429, 23952, 5122, 16718, 17762, 19190, 7374]",,100,code_module,EEE,2.4499999999999997,2.0
warmup,"[ 9799 28900  3507  4857 21348 20506 15806  5253 31305 19325 24857   455
 17596 15369 10423  2452 24806 27038 11843 29796 30029  2931  9230 18056
 32365 27134  5122    88 30126  5456 12292  7597 23952 15612 10236  9515
 21559 12766 20179  8975  1238  3894  4429  2033 14170  6656  9362 23232
 32538 29619 10105 27745 30915 19190  2538 25165  9582 29666 30991  2322
 32331 12947   456  9782 22879 30388 25657 16718 29163 27528 22687  5294
 13157  4314 29556  5320 21321 24808 25516 29378  6310 28167 17466 16444
  7015 14574 25447 24126 21320  7822 18230 23033 29765  8745  7374 17762
 10175 22356 29691 28143]","[21348, 20506, 21348, 20506, 21559, 20179, 21559, 20179, 21321, 24808, 25516, 29378, 21320, 21320, 9799, 28900, 3507, 4857, 15806, 5253, 31305, 19325, 24857, 455, 17596, 15369, 10423, 2452, 24806, 27038, 11843, 29796, 30029, 2931, 9230, 18056, 32365, 27134, 5122, 88, 30126, 5456, 12292, 7597, 23952, 15612, 10236, 9515, 12766, 8975, 1238, 3894, 4429, 2033, 14170, 6656, 9362, 23232, 32538, 29619, 10105, 27745, 30915, 19190, 2538, 25165, 9582, 29666, 30991, 2322, 32331, 12947, 456, 9782, 22879, 30388, 25657, 16718, 29163, 27528, 22687, 5294, 13157, 4314, 29556, 5320, 6310, 28167, 17466, 16444, 7015, 14574, 25447, 24126, 7822, 18230, 23033, 29765, 8745, 7374]",mistral:7b,100,code_module,EEE,2.9773199023199024,2.6
bigraph,"[10105  2452   456 29691 24857 31305 30915  6656 27038 29666 32331 21320
 32365  7015  5294 25516 17762  9230 24808 27745 14170 10236 19190  9782
 30126 28143 23952 15612 11843  9362 22879  9515  2033 23033  5253 12947
 23232  9799 29619  2931 22687  6310 29378 28900 25657 30388  1238  4314
 10175 21348 12766  7822 21321 24806 29556  2322 16718  4857 32538 27134
 20179    88  3894 17596   455 29796 19325 15806  8975 21559 17466 27528
 24126 15369 20506 25165 22356  2538 28167 30991  9582  5320 30029  3507
  5456 25447 13157 14574 12292 18056 18230 29163  7597  4429 16444 29765
  5122  8745  7374 10423]","[21348, 21321, 20179, 21559, 20506, 21320, 9515, 23232, 30388, 27038, 25165, 32331, 19325, 25516, 4429, 10105, 2452, 456, 29691, 24857, 31305, 30915, 6656, 29666, 32365, 7015, 5294, 17762, 9230, 24808, 27745, 14170, 10236, 19190, 9782, 30126, 28143, 23952, 15612, 11843, 9362, 22879, 2033, 23033, 5253, 12947, 9799, 29619, 2931, 22687, 6310, 29378, 28900, 25657, 1238, 4314, 10175, 12766, 7822, 24806, 29556, 2322, 16718, 4857, 32538, 27134, 88, 3894, 17596, 455, 29796, 15806, 8975, 17466, 27528, 24126, 15369, 22356, 2538, 28167, 30991, 9582, 5320, 30029, 3507, 5456, 25447, 13157, 14574, 12292, 18056, 18230, 29163, 7597, 16444, 29765, 5122, 8745, 7374, 10423]",mistral:7b,100,code_module,EEE,2.4499999999999997,1.6
random,"[ 7437 27334 19273  4458 22262  3468 12706  4622 11835  5302 25380 25247
 26753 31402 27307 21226   229 15503  5422  9208 22607 32518  8755 21237
 23914 22077 18078 12325 29734  5132 10182 21301  1754 23491 25942 31490
 25330 28758 24582 14308 13156 25001 20150 17299 21049 18923 24164  9617
 32434 30839 19248 29666  5637 20902  7026  3706 10757  1237 17964 19377
 21861  7351 32349 22182 21901 11891 11836 24880 30628 12784 25201 22376
  1162 16771 23536 24806 15749  4756 28854 12913  9413  4865 21633 15026
   552 20399 22587 30869 24317 19943   197 22339   152 19765 22656 21238
 27448 24904 23611 15047]","[ 7437 27334 19273  4458 22262  3468 12706  4622 11835  5302 25380 25247
 26753 31402 27307 21226   229 15503  5422  9208 22607 32518  8755 21237
 23914 22077 18078 12325 29734  5132 10182 21301  1754 23491 25942 31490
 25330 28758 24582 14308 13156 25001 20150 17299 21049 18923 24164  9617
 32434 30839 19248 29666  5637 20902  7026  3706 10757  1237 17964 19377
 21861  7351 32349 22182 21901 11891 11836 24880 30628 12784 25201 22376
  1162 16771 23536 24806 15749  4756 28854 12913  9413  4865 21633 15026
   552 20399 22587 30869 24317 19943   197 22339   152 19765 22656 21238
 27448 24904 23611 15047]",,100,code_module,EEE,0.5577866598946137,2.4
opt,"[11891   152 11835 19765 12784 25001 32518 25380 19273 12913 22587 32349
 23611 24904 18078  4865  7026 22077 15749 21226  3706 30839 26753  5132
 20902 16771 24582  5302  9617 17299  1237 25247 24880  1754  7351 28854
 18923 22182 15047 25201 19248 21901   552 23536 21237 30869 28758 29734
 22339 30628 15026 23914  4622 22607 31402 24806 32434 20399  5637 21301
  5422 21049 29666   197 10757 22656  1162  8755   229  9208 12325 17964
 21633 27307 27448  4756 13156 25942 21238 20150 24164 22376 25330 11836
 23491 24317 22262 21861 15503  9413 19377 19943  4458 10182  3468 27334
 31490  7437 14308 12706]","[19765, 22077, 21226, 20902, 22182, 21901, 21237, 20399, 21301, 21049, 21633, 21238, 20150, 22262, 21861, 19377, 19943, 11891, 152, 11835, 12784, 25001, 32518, 25380, 19273, 12913, 22587, 32349, 23611, 24904, 18078, 4865, 7026, 15749, 3706, 30839, 26753, 5132, 16771, 24582, 5302, 9617, 17299, 1237, 25247, 24880, 1754, 7351, 28854, 18923, 15047, 25201, 19248, 552, 23536, 30869, 28758, 29734, 22339, 30628, 15026, 23914, 4622, 22607, 31402, 24806, 32434, 5637, 5422, 29666, 197, 10757, 22656, 1162, 8755, 229, 9208, 12325, 17964, 27307, 27448, 4756, 13156, 25942, 24164, 22376, 25330, 11836, 23491, 24317, 15503, 9413, 4458, 10182, 3468, 27334, 31490, 7437, 14308, 12706]",,100,code_module,EEE,3.439552522640758,2.4
warmup,"[22077 15749  5132 28758 19273 19765  9208 15026  4865 11891 21633 31402
  5422  9413 22587 25330 22339 30628 24317  9617 27307 21237 24880 21049
 21901  7351 22182  1754 11835   229 21861  4756  4622 21238 12913 26753
 17964 14308 21226 23491 24164 29734  1237   152 22262 13156 19377 32518
 23914 10757 24806  4458  7437 23536 15503 22376 25201  5637  1162   552
 10182 21301 31490 15047 25942 30869   197 12325 19943 27448 28854  7026
 32349 20399 18078 25380 16771 25001 23611 32434 30839 29666 12706 24582
  3706 27334  3468 18923 24904  5302 22656 22607 19248 20150 17299 20902
 25247 11836  8755 12784]","[22077, 19765, 19765, 21633, 21237, 21049, 21901, 22182, 21861, 21861, 11835, 21238, 21226, 22262, 19377, 22262, 19377, 7437, 23536, 15503, 22376, 21301, 21301, 19943, 20399, 20150, 20902, 25247, 15749, 5132, 28758, 19273, 9208, 15026, 4865, 11891, 31402, 5422, 9413, 22587, 25330, 22339, 30628, 24317, 9617, 27307, 24880, 7351, 1754, 229, 4756, 4622, 12913, 26753, 17964, 14308, 23491, 24164, 29734, 1237, 152, 13156, 32518, 23914, 10757, 24806, 4458, 25201, 5637, 1162, 552, 10182, 31490, 15047, 25942, 30869, 197, 12325, 27448, 28854, 7026, 32349, 18078, 25380, 16771, 25001, 23611, 32434, 30839, 29666, 12706, 24582, 3706, 27334, 3468, 18923, 24904, 5302, 22656, 22607]",mistral:7b,100,code_module,EEE,3.5947414802210202,12.4
bigraph,"[ 4622  5132 17299 22607 24904 19248 22182 15503   152 28854 21049 23611
 30839 15026 21237  8755 17964  7026 10757 21633 22262 20902 20150  7437
 19765 24582 30628   552 23536 32518 21301 24164  1754   229 32349 29666
  9413 23914 21861 22376 27307 15047  3468 12706 30869 32434 25001  9617
 12325  5302 23491 20399 28758 25330  5637 14308  5422 31402 13156 11836
 21226 25942  7351 19943 11835  4756 11891 29734  1237  4458 27448 18923
 24806 24880  9208  1162 25380 12913 22587 19377 25247  3706 22339 18078
 22077 26753 21238 22656   197 12784 10182 31490 15749 24317 16771 21901
 25201  4865 19273 27334]","[22262, 21226, 19765, 28854, 19943, 21238, 21301, 30869, 21049, 13156, 18078, 23611, 19377, 21633, 5637, 5422, 27334, 12706, 20150, 11835, 20902, 12325, 7437, 26753, 9617, 24904, 7026, 25001, 4865, 22077, 21237, 22587, 22339, 21861, 20399, 22376, 4458, 19248, 21901, 11836, 32434, 19273, 15749, 7351, 552, 31402, 22182, 11891, 5302, 27307, 229, 15047, 4622, 5132, 17299, 22607, 15503, 152, 30839, 15026, 8755, 17964, 10757, 24582, 30628, 23536, 32518, 24164, 1754, 32349, 29666, 9413, 23914, 3468, 23491, 28758, 25330, 14308, 25942, 4756, 29734, 1237, 27448, 18923, 24806, 24880, 9208, 1162, 25380, 12913, 25247, 3706, 22656, 197, 12784, 10182, 31490, 24317, 16771, 25201]",mistral:7b,100,code_module,EEE,2.873062741398798,1.4
random,"[10416 13534  9946 22172  8877 16620  1314 20784 31201 31174 23464  2998
  4937  7718  2804  2410 26166  4246 18456 23548 30991  5532  2828 30219
 16846 25502 27764 20663 16917  9452 27620 13599 28990   639 14631 28555
 10716 17507  1064  5693 11203  6345 20924  3514  8107 21518 26613  5357
 14312 22552 15890 11560 19920 30668  8849 13893 31848  2746  7424 19841
 26564 22006 10374 14289 20106 16437  2822 11795  6682 17121 15582 11602
  6067 30987 27063 20945 10619   733 15813 24507 24394 12410  1518 12514
 11308 28784 27741 20057 32390 32206  9628 27463 18254 15527  9165 29515
 29254 22984 23192 14110]","[10416 13534  9946 22172  8877 16620  1314 20784 31201 31174 23464  2998
  4937  7718  2804  2410 26166  4246 18456 23548 30991  5532  2828 30219
 16846 25502 27764 20663 16917  9452 27620 13599 28990   639 14631 28555
 10716 17507  1064  5693 11203  6345 20924  3514  8107 21518 26613  5357
 14312 22552 15890 11560 19920 30668  8849 13893 31848  2746  7424 19841
 26564 22006 10374 14289 20106 16437  2822 11795  6682 17121 15582 11602
  6067 30987 27063 20945 10619   733 15813 24507 24394 12410  1518 12514
 11308 28784 27741 20057 32390 32206  9628 27463 18254 15527  9165 29515
 29254 22984 23192 14110]",,100,code_module,EEE,0.5472790000406835,0.8
opt,"[ 1064 25502 27764  9165 18254  1518 27063 16437 31848 30987 15582 17121
 23192 30219  1314 10374 20924 16620 12410 14631 10619 11560 18456 13893
   733 16846 15527  4246  2828 20784 15890 17507  9946 30668 28990 11308
 12514 23464 15813 13599 10416  8877  7718 22172  7424 22552 14110  4937
  6067 11795  2410  6682 27741 10716 30991 29515 22984 16917 27463   639
 32206 20945 13534 11602 20106 20663 19920  5532 31201 14312 22006  9452
  2804  2822 11203 29254  8107  9628 24394  8849  2998 28784 14289  6345
 26166 23548  3514 24507  2746 20057 19841 32390 26564  5693 31174  5357
 21518 28555 26613 27620]","[20924, 20784, 22172, 20945, 20106, 20663, 19920, 22006, 20057, 19841, 21518, 1064, 25502, 27764, 9165, 18254, 1518, 27063, 16437, 31848, 30987, 15582, 17121, 23192, 30219, 1314, 10374, 16620, 12410, 14631, 10619, 11560, 18456, 13893, 733, 16846, 15527, 4246, 2828, 15890, 17507, 9946, 30668, 28990, 11308, 12514, 23464, 15813, 13599, 10416, 8877, 7718, 7424, 22552, 14110, 4937, 6067, 11795, 2410, 6682, 27741, 10716, 30991, 29515, 22984, 16917, 27463, 639, 32206, 13534, 11602, 5532, 31201, 14312, 9452, 2804, 2822, 11203, 29254, 8107, 9628, 24394, 8849, 2998, 28784, 14289, 6345, 26166, 23548, 3514, 24507, 2746, 32390, 26564, 5693, 31174, 5357, 28555, 26613, 27620]",,100,code_module,EEE,3.0198773448773446,1.4
warmup,"[20924 20057 10619  2998 12410  2746 20106 27063 11203  1314  7718  9452
 16917 10716 23464 14312 11602   733  5693 24394 17121 27764  9946   639
  1064 10416 13893 28784  7424 26613  2410  2828  3514  6345 20784 15582
  8107 21518 19841 20663  2822 11560 27741 16620  9165 11795 15527 31174
 13599 29515 15890 23192 30987 26166 19920 16846 24507  8877 18456 28990
 16437  4246 30219  9628  1518  2804  6067 11308 17507 27620 27463 22984
 18254 30668 29254 31848 10374 12514  6682  4937 20945  8849 32390 13534
 28555 14289 31201 26564 32206 14631 23548 22172  5532 15813 22552 30991
 14110  5357 25502 22006]","[20106, 20784, 20945, 20945, 22172, 22006, 20924, 20057, 10619, 2998, 12410, 2746, 27063, 11203, 1314, 7718, 9452, 16917, 10716, 23464, 14312, 11602, 733, 5693, 24394, 17121, 27764, 9946, 639, 1064, 10416, 13893, 28784, 7424, 26613, 2410, 2828, 3514, 6345, 15582, 8107, 21518, 19841, 20663, 2822, 11560, 27741, 16620, 9165, 11795, 15527, 31174, 13599, 29515, 15890, 23192, 30987, 26166, 19920, 16846, 24507, 8877, 18456, 28990, 16437, 4246, 30219, 9628, 1518, 2804, 6067, 11308, 17507, 27620, 27463, 22984, 18254, 30668, 29254, 31848, 10374, 12514, 6682, 4937, 8849, 32390, 13534, 28555, 14289, 31201, 26564, 32206, 14631, 23548, 5532, 15813, 22552, 30991, 14110, 5357]",mistral:7b,100,code_module,EEE,2.8045989058898004,2.2
bigraph,"[  733  5532 26564 10619  1518 18254  6682  9165 20945 12514 22172 30668
 14289 32206 26166  8107 17507 30991 16437 23548  8849 27620 13893  1064
 21518 30219 22006  1314 29515 11308 12410  6067 13534 32390 17121  8877
  6345 20057 11602  2998 23464 27741 31201 11795 31174  9628 27764 16846
 16917 10374  2822 27463  2746 15582  7424 15813 23192 15527  3514 27063
 20106  5693 13599 28784 24394 29254 20663 20784 19920  4246 28555 11560
 15890 14631 16620 22552  5357  4937   639 14110 26613 28990  2828  7718
  2804 19841 31848 20924 11203 18456 30987 22984  9452 25502 10716 24507
  2410 10416  9946 14312]","[22172, 20057, 20106, 20663, 22006, 19841, 19920, 20945, 20784, 11795, 5693, 26564, 12410, 15582, 29254, 733, 31174, 27764, 26166, 27741, 27063, 26613, 21518, 2410, 24394, 28784, 30987, 32390, 31201, 27620, 11308, 1518, 22984, 6067, 8107, 11203, 20924, 13893, 29515, 30668, 4937, 9165, 5532, 10619, 18254, 6682, 12514, 14289, 32206, 17507, 30991, 16437, 23548, 8849, 1064, 30219, 1314, 13534, 17121, 8877, 6345, 11602, 2998, 23464, 9628, 16846, 16917, 10374, 2822, 27463, 2746, 7424, 15813, 23192, 15527, 3514, 13599, 4246, 28555, 11560, 15890, 14631, 16620, 22552, 5357, 639, 14110, 28990, 2828, 7718, 2804, 31848, 18456, 9452, 25502, 10716, 24507, 10416, 9946, 14312]",mistral:7b,100,code_module,EEE,2.8994735418648463,1.8
random,"[11352 30897  9923 14081 32422  5695  7099 11047 13849 27357  9327 22509
 25340 27690 15830 27340 11275  2807  3160  6620 17000 21869 24603 16554
  7793  9050 31440  3214  8599 11098  6211 23840 26310 10319 25749  8237
  5973  5614  4406   477  7102 21505  2732 22986  4024 26294  3653 30923
  6163  1021 30176 22361 21550 15612 29715  4047  4335  4762 24414 23544
 19272 19961 14937 15882 29469 23944 27867  5313 30576 24766 18867  9386
 26009  7718 14290  9311 12670 13591 10851 12577 26021 27732 13809 18905
 15940 28144 22202 21410 12630 28531 17786  7570  9540  5862 16172  4149
 24929 13749  6841 23081]","[11352 30897  9923 14081 32422  5695  7099 11047 13849 27357  9327 22509
 25340 27690 15830 27340 11275  2807  3160  6620 17000 21869 24603 16554
  7793  9050 31440  3214  8599 11098  6211 23840 26310 10319 25749  8237
  5973  5614  4406   477  7102 21505  2732 22986  4024 26294  3653 30923
  6163  1021 30176 22361 21550 15612 29715  4047  4335  4762 24414 23544
 19272 19961 14937 15882 29469 23944 27867  5313 30576 24766 18867  9386
 26009  7718 14290  9311 12670 13591 10851 12577 26021 27732 13809 18905
 15940 28144 22202 21410 12630 28531 17786  7570  9540  5862 16172  4149
 24929 13749  6841 23081]",,100,code_module,EEE,0.12711891528763525,0.8
opt,"[ 4335 15830 27340 11098 14937 15612  7793 28531  9540 19272  7718 10319
 15940 16554  5973 11352 22509  8599 14081  6620  9311 24766 12630 15882
 29469 12670 11047 27732 13809  5313 23840 21550 24603 30923 29715  8237
 13591  7102  5695 12577 26021  9050 23081  3160 18905  5614 21410  4047
 13749 11275 26294 17786   477  2732 16172 24414 14290 28144 26310  7570
 22361 27690 19961  2807 27867 22202 24929  9386  3214  4024  6841 25340
  4149  9923  3653  6211 30897  4406 32422 30576  6163 23944  7099  1021
 23544 26009  9327 31440 25749 21505  4762 30176 10851 27357 13849  5862
 22986 17000 21869 18867]","[21550, 21410, 19961, 22202, 21505, 21869, 4335, 15830, 27340, 11098, 14937, 15612, 7793, 28531, 9540, 19272, 7718, 10319, 15940, 16554, 5973, 11352, 22509, 8599, 14081, 6620, 9311, 24766, 12630, 15882, 29469, 12670, 11047, 27732, 13809, 5313, 23840, 24603, 30923, 29715, 8237, 13591, 7102, 5695, 12577, 26021, 9050, 23081, 3160, 18905, 5614, 4047, 13749, 11275, 26294, 17786, 477, 2732, 16172, 24414, 14290, 28144, 26310, 7570, 22361, 27690, 2807, 27867, 24929, 9386, 3214, 4024, 6841, 25340, 4149, 9923, 3653, 6211, 30897, 4406, 32422, 30576, 6163, 23944, 7099, 1021, 23544, 26009, 9327, 31440, 25749, 4762, 30176, 10851, 27357, 13849, 5862, 22986, 17000, 18867]",,100,code_module,EEE,2.4499999999999997,0.8
warmup,"[ 7102 13749 23544  1021 15882  5695  6211 32422 13809  7718 30576 16554
 22361 14290  5614  8599 15940  7570 19961 25749  6620 15830   477 21410
  7099 10319 18867 27357  9050 26294 25340 27690  9923 11047  2807 10851
  4762 24929 23081 14081  4047 12630 27340  4406 30923  8237 19272 22986
  9327 24603  2732  4149 24766 30897 12670 26310  7793 27732  5973 23840
 26021 28144  3653  9386 11275 24414 21505 13591 12577 18905 27867  6163
 11352 29715  5862 17786 26009 23944  4024 22509 11098 16172  3160 13849
 28531 21550  5313 22202  9311 31440  4335 21869  9540  3214 30176 29469
 14937 17000 15612  6841]","[19961, 19961, 21410, 7099, 7793, 21505, 21550, 22202, 21869, 21869, 7102, 13749, 23544, 1021, 15882, 5695, 6211, 32422, 13809, 7718, 30576, 16554, 22361, 14290, 5614, 8599, 15940, 7570, 25749, 6620, 15830, 477, 10319, 18867, 27357, 9050, 26294, 25340, 27690, 9923, 11047, 2807, 10851, 4762, 24929, 23081, 14081, 4047, 12630, 27340, 4406, 30923, 8237, 19272, 22986, 9327, 24603, 2732, 4149, 24766, 30897, 12670, 26310, 27732, 5973, 23840, 26021, 28144, 3653, 9386, 11275, 24414, 13591, 12577, 18905, 27867, 6163, 11352, 29715, 5862, 17786, 26009, 23944, 4024, 22509, 11098, 16172, 3160, 13849, 28531, 5313, 9311, 31440, 4335, 9540, 3214, 30176, 29469, 14937, 17000]",mistral:7b,100,code_module,EEE,2.478968253968254,1.0
bigraph,"[12670 26009 22509 11098  6211  9327  3160  5973 21410  3214  8237 27867
 24414  7718  1021 30176 30897 26294  8599 10851  4762 23840 12577 17786
 27357 32422 14290  4024 25340 27732  6841 11047  9050 23944 18905  4406
  9540 22202 21550 26021 14081  4047  9311   477 25749  6163  4149  6620
  3653 19961 12630 28144 21505 21869  2807 17000  5313  5614 16554 13809
 29715 27340  4335  9386 26310  7570 24603 15830 13849 22986 27690 24929
 11352  7793  2732  7102 28531 24766 22361 19272 18867 15612 14937 13591
 11275  7099 16172 23544 29469 23081 30923  5862 30576 31440  9923 10319
 15882 15940  5695 13749]","[21550, 21869, 23544, 19961, 21505, 24766, 30923, 3653, 5862, 22202, 21410, 9311, 11098, 27357, 27690, 16172, 29715, 22986, 23081, 17000, 9923, 4149, 32422, 12670, 26009, 22509, 6211, 9327, 3160, 5973, 3214, 8237, 27867, 24414, 7718, 1021, 30176, 30897, 26294, 8599, 10851, 4762, 23840, 12577, 17786, 14290, 4024, 25340, 27732, 6841, 11047, 9050, 23944, 18905, 4406, 9540, 26021, 14081, 4047, 477, 25749, 6163, 6620, 12630, 28144, 2807, 5313, 5614, 16554, 13809, 27340, 4335, 9386, 26310, 7570, 24603, 15830, 13849, 24929, 11352, 7793, 2732, 7102, 28531, 22361, 19272, 18867, 15612, 14937, 13591, 11275, 7099, 29469, 30576, 31440, 10319, 15882, 15940, 5695, 13749]",mistral:7b,100,code_module,EEE,2.1409090909090907,3.8
random,"[17784 14692 22287 17110 10948  8182  3777 12679 10098 27213 25374 23192
 27401 20195 10835  3840  6459 24276  4947 18601  6981 13585 13958 30109
 30080 11257 13828 22523 14329 31221 29104 31682 20834 26042   970 31887
 27889 29723  9478 19662  3215  4524 19348 27711 12371 15610 26621 10196
 15826  4718 25146 22635 20738 13644 30612  3835 26068  5280 27916  5307
 13841 27258 31063 19556 30302 17791 21366 30705 12296 11334 27918  9015
 24007 11505  3969   434 26740 24464 20146  9531 15022 12678 25587 16431
 12513 12624 12307 14447  2008  7896  3877 23110 12999 24782  4293  9070
 12261  6117 22913 15781]","[17784 14692 22287 17110 10948  8182  3777 12679 10098 27213 25374 23192
 27401 20195 10835  3840  6459 24276  4947 18601  6981 13585 13958 30109
 30080 11257 13828 22523 14329 31221 29104 31682 20834 26042   970 31887
 27889 29723  9478 19662  3215  4524 19348 27711 12371 15610 26621 10196
 15826  4718 25146 22635 20738 13644 30612  3835 26068  5280 27916  5307
 13841 27258 31063 19556 30302 17791 21366 30705 12296 11334 27918  9015
 24007 11505  3969   434 26740 24464 20146  9531 15022 12678 25587 16431
 12513 12624 12307 14447  2008  7896  3877 23110 12999 24782  4293  9070
 12261  6117 22913 15781]",,100,code_module,EEE,0.5221414605756666,2.4
opt,"[16431 12296 25587  3835 12513 30705 20146   434 20195 27916 11334 15022
  9531  4718  3215 19662 17110 23110  3840 12679  4293 13828 24276 12624
 15610 13958 24007 27918 11505 26740 20738 31682 26621 12678 27258  7896
 15781 24464 14447 30080  3969  9015 23192 12999 10098 18601 24782 27401
  9070 30612 11257 22635 25374  6981 31887  9478 22523 17791 14329 31063
 29104 13841 12307 26068 12261 15826 17784 10196  3877  5280  4524 30302
 10835   970 22913 27889  5307 30109  4947 31221  6459 12371 21366 26042
 13644 22287  8182 25146 27711 19348  3777 20834 10948 29723  6117 13585
  2008 27213 14692 19556]","[20146, 20195, 19662, 20738, 21366, 22287, 20834, 19556, 16431, 12296, 25587, 3835, 12513, 30705, 434, 27916, 11334, 15022, 9531, 4718, 3215, 17110, 23110, 3840, 12679, 4293, 13828, 24276, 12624, 15610, 13958, 24007, 27918, 11505, 26740, 31682, 26621, 12678, 27258, 7896, 15781, 24464, 14447, 30080, 3969, 9015, 23192, 12999, 10098, 18601, 24782, 27401, 9070, 30612, 11257, 22635, 25374, 6981, 31887, 9478, 22523, 17791, 14329, 31063, 29104, 13841, 12307, 26068, 12261, 15826, 17784, 10196, 3877, 5280, 4524, 30302, 10835, 970, 22913, 27889, 5307, 30109, 4947, 31221, 6459, 12371, 26042, 13644, 8182, 25146, 27711, 19348, 3777, 10948, 29723, 6117, 13585, 2008, 27213, 14692]",,100,code_module,EEE,2.7178571428571425,0.6
warmup,"[10948 24782  3777  3969 27258 17784 22523 14329  3877 12624 12678   434
 29723 20195 26621  8182 10196  9531 10835 24464 15610 12999  3215 27213
  6117  2008 14447 27918 13828 11505 20146  9070 19348  9478 31682  9015
 25374 12679 27711  4293 23110 13958 19662 17791 15022 31887 21366 12307
 24276  3835 30705 30612 24007 19556 13644 27401 27889 22913 20738  4718
 26068 30080 22635 17110 16431  5307 20834 14692 30302 30109 26740  7896
 11257  4524 12371  6981 11334 13585 15826   970  6459 23192 13841 15781
  4947 22287 31063 27916 18601  3840 12296 12261 25587 26042 10098 29104
 12513 31221 25146  5280]","[20195, 20195, 20146, 20146, 19662, 21366, 21366, 19556, 19556, 20738, 20738, 20834, 20834, 22287, 22287, 25587, 26042, 10098, 29104, 10948, 24782, 3777, 3969, 27258, 17784, 22523, 14329, 3877, 12624, 12678, 434, 29723, 26621, 8182, 10196, 9531, 10835, 24464, 15610, 12999, 3215, 27213, 6117, 2008, 14447, 27918, 13828, 11505, 9070, 19348, 9478, 31682, 9015, 25374, 12679, 27711, 4293, 23110, 13958, 17791, 15022, 31887, 12307, 24276, 3835, 30705, 30612, 24007, 13644, 27401, 27889, 22913, 4718, 26068, 30080, 22635, 17110, 16431, 5307, 14692, 30302, 30109, 26740, 7896, 11257, 4524, 12371, 6981, 11334, 13585, 15826, 970, 6459, 23192, 13841, 15781, 4947, 31063, 27916, 18601]",mistral:7b,100,code_module,EEE,3.3182289932289937,1.8
bigraph,"[25374  6459 29104  4947 27916  9070 12307 24276 26068 15022 13958 15610
 21366 13828 26042 14447 12296  6117  3877  3840 31221   970 20146 12999
  6981 26740  3215 27258 24464 30080  2008 12679 30612 23192 24782 31887
 16431 25146 27889 10098 24007 13585 12678 30109   434 29723 12261 27213
 17791 27401 27918  3777  7896  9478 10948 30705  9015  4524  3835  5280
 14692 31682 26621 15781 14329 22287 17110 19556 11334 12513 20834 11257
 22523 27711  9531  8182  4718 31063 10835  4293 20195  5307 25587 23110
 10196 15826 20738 19348 30302 12371 11505 22635 19662 18601 13644 12624
  3969 17784 13841 22913]","[21366, 20146, 22287, 20195, 20738, 19662, 20834, 2008, 4947, 26068, 27401, 3877, 9478, 14692, 13585, 11334, 10098, 19556, 29104, 10948, 12371, 12679, 24276, 3835, 12999, 25374, 6459, 27916, 9070, 12307, 15022, 13958, 15610, 13828, 26042, 14447, 12296, 6117, 3840, 31221, 970, 6981, 26740, 3215, 27258, 24464, 30080, 30612, 23192, 24782, 31887, 16431, 25146, 27889, 24007, 12678, 30109, 434, 29723, 12261, 27213, 17791, 27918, 3777, 7896, 30705, 9015, 4524, 5280, 31682, 26621, 15781, 14329, 17110, 12513, 11257, 22523, 27711, 9531, 8182, 4718, 31063, 10835, 4293, 5307, 25587, 23110, 10196, 15826, 19348, 30302, 11505, 22635, 18601, 13644, 12624, 3969, 17784, 13841, 22913]",mistral:7b,100,code_module,EEE,2.648412698412698,4.2
random,"[26848 26244  3893 10913  9490 21950 10921 14460 23556 20401  4525 31947
  2211 27743  5071 20770 19294 13985 22032 16766  4591 18633  1821  7364
  1581 10295 21549 31035 29490 23647 29977 31406  2573 21266 20954 10297
 21623  7642 23797 13150 23129 24302  6427 16486 20572 24345   847  7116
 12927 23667  2607 30623 31742  2553 10319  2464  6758 31654 29837 14390
 27938 27999 15383 26595 31494  7380 29236 26634 30909  3069 16572 20410
 22872  3486 18003 10701  4410 21364 25744 18867  7552  6308 26368  1628
 17907 27362 19456  6303  4327 23435 31761 26387 11943  6929  7332 16832
 21821 17326  5161    70]","[26848 26244  3893 10913  9490 21950 10921 14460 23556 20401  4525 31947
  2211 27743  5071 20770 19294 13985 22032 16766  4591 18633  1821  7364
  1581 10295 21549 31035 29490 23647 29977 31406  2573 21266 20954 10297
 21623  7642 23797 13150 23129 24302  6427 16486 20572 24345   847  7116
 12927 23667  2607 30623 31742  2553 10319  2464  6758 31654 29837 14390
 27938 27999 15383 26595 31494  7380 29236 26634 30909  3069 16572 20410
 22872  3486 18003 10701  4410 21364 25744 18867  7552  6308 26368  1628
 17907 27362 19456  6303  4327 23435 31761 26387 11943  6929  7332 16832
 21821 17326  5161    70]",,100,code_module,EEE,0.5745806581111126,1.8
opt,"[26595 23129 14460 10295 23667 21623  6758 31654 20770 26387 22872 24302
 27999 15383 30909  5161 21821 16832 31947   847 29977  1581  4591  7380
 21950  3069 24345 26244 29490  2553 29236  9490 23435 23556  7552 16572
 20572  2607 31494 26848  4410 29837 18003  6303 26634 16486  5071 11943
 10921  7332 13150 23797  7642  3893  6427  7116 12927 31035 19294 10701
  2464 31742 27362 30623  7364 26368 21364 21266 25744 14390  1628 19456
 27743 27938 13985 17907  4525 20954  1821  2211    70 18867 18633  6308
 20410 10913  4327 31761 21549 10319 23647  3486 17326  6929 16766 20401
 31406  2573 10297 22032]","[21623, 20770, 21821, 21950, 20572, 21364, 21266, 19456, 20954, 20410, 21549, 20401, 22032, 26595, 23129, 14460, 10295, 23667, 6758, 31654, 26387, 22872, 24302, 27999, 15383, 30909, 5161, 16832, 31947, 847, 29977, 1581, 4591, 7380, 3069, 24345, 26244, 29490, 2553, 29236, 9490, 23435, 23556, 7552, 16572, 2607, 31494, 26848, 4410, 29837, 18003, 6303, 26634, 16486, 5071, 11943, 10921, 7332, 13150, 23797, 7642, 3893, 6427, 7116, 12927, 31035, 19294, 10701, 2464, 31742, 27362, 30623, 7364, 26368, 25744, 14390, 1628, 27743, 27938, 13985, 17907, 4525, 1821, 2211, 70, 18867, 18633, 6308, 10913, 4327, 31761, 10319, 23647, 3486, 17326, 6929, 16766, 31406, 2573, 10297]",,100,code_module,EEE,3.180133755133755,1.4
warmup,"[17907  2607 19294 26595 20770 16766 27743 18003  7116 23797  5161 20572
 20401 21549 10921 29977 21266 16832 25744 27362  4525 23647  2464 20410
 31947 18633 29490 10913 23556 10701  2573 21623  1821  1628 23435 27938
 18867 29837 26387 23667  7552 14460    70 19456 31035 30909 23129 10295
 22032 16572 24302  3486 29236 21821 21950 20954  7332 31742 31761  3069
 31654 27999  4410  6303 12927 11943  4327  6427 26244  7642  7364 10297
  7380 30623  6758 15383  9490 21364  6308   847  3893 26634  2553  4591
 24345 10319 22872  6929 31406 26848 26368 13150  2211 16486 31494 13985
 17326  1581 14390  5071]","[17907, 20770, 20770, 20572, 20401, 21549, 21266, 20410, 21623, 1821, 19456, 22032, 22032, 29236, 21821, 21950, 20954, 21364, 21364, 2607, 19294, 26595, 16766, 27743, 18003, 7116, 23797, 5161, 10921, 29977, 16832, 25744, 27362, 4525, 23647, 2464, 31947, 18633, 29490, 10913, 23556, 10701, 2573, 1628, 23435, 27938, 18867, 29837, 26387, 23667, 7552, 14460, 70, 31035, 30909, 23129, 10295, 16572, 24302, 3486, 7332, 31742, 31761, 3069, 31654, 27999, 4410, 6303, 12927, 11943, 4327, 6427, 26244, 7642, 7364, 10297, 7380, 30623, 6758, 15383, 9490, 6308, 847, 3893, 26634, 2553, 4591, 24345, 10319, 22872, 6929, 31406, 26848, 26368, 13150, 2211, 16486, 31494, 13985, 17326]",mistral:7b,100,code_module,EEE,2.3763110857151104,3.8
bigraph,"[13985 19456 29837 19294 20770 16486 31406  3893 10297 21266  9490  6308
  7642 10921  1821 23556 22872  4591  5071 26387  4410 10319 31654 21623
    70 20410  2553 31947 15383 24302 30623 12927 23647 25744 22032  2211
 27362 26368  3069 24345  4525 18003  7364  3486  2607 10913 27999 29977
 14460 23129  6427 18633  6758 29490 20954 26848 16832 10295   847 23667
 20572  7116 27743 23797 30909 21950 17907 29236 21364 31742 31035  7332
  1628 10701 13150 11943 26595 20401  1581  5161 26244  2573 27938  7552
 18867 31494  6303 21549  7380 17326 14390 16766  4327 16572 23435 21821
 26634 31761  6929  2464]","[20770, 22032, 20572, 21623, 21549, 20954, 21821, 21266, 21364, 20410, 29837, 4525, 6758, 23556, 4591, 23647, 13985, 2211, 6427, 29236, 3893, 17326, 4410, 27743, 7116, 19294, 21950, 18867, 18633, 26595, 19456, 31654, 29977, 26244, 7332, 9490, 20401, 847, 12927, 27999, 7364, 13150, 17907, 15383, 16486, 31406, 10297, 6308, 7642, 10921, 1821, 22872, 5071, 26387, 10319, 70, 2553, 31947, 24302, 30623, 25744, 27362, 26368, 3069, 24345, 18003, 3486, 2607, 10913, 14460, 23129, 29490, 26848, 16832, 10295, 23667, 23797, 30909, 31742, 31035, 1628, 10701, 11943, 1581, 5161, 2573, 27938, 7552, 31494, 6303, 7380, 14390, 16766, 4327, 16572, 23435, 26634, 31761, 6929, 2464]",mistral:7b,100,code_module,EEE,3.025290382548447,3.4
random,"[14514 26833  1268 18202 22263  8964  4176 25410  4508 14422 16635 31144
  9616 23396 13378 22134 20099 28562 24968 13627 23785 17575  8759 29692
 19336  3149  3990 23128 14057 29304 21241 25376 16931  4490 14580 16961
 29732 20588 20018  7537  4083 31004 28864 22071 20009  2919  7927  2842
  4207 11075  2869 19102 31215  3573 32579 23945 28617  2947 20800 17052
 30249 17252 28312 27024  3997 25866 20859 23900 12726 29785  6795 15467
 28416 23625 20633 22248 14953 29411 21660 16164 30909  8518 17184 21954
  6430  7696 16013  3034 16425  2619 26072 21468 27962 30300 20121 15738
  2901 28804  6675 30189]","[14514 26833  1268 18202 22263  8964  4176 25410  4508 14422 16635 31144
  9616 23396 13378 22134 20099 28562 24968 13627 23785 17575  8759 29692
 19336  3149  3990 23128 14057 29304 21241 25376 16931  4490 14580 16961
 29732 20588 20018  7537  4083 31004 28864 22071 20009  2919  7927  2842
  4207 11075  2869 19102 31215  3573 32579 23945 28617  2947 20800 17052
 30249 17252 28312 27024  3997 25866 20859 23900 12726 29785  6795 15467
 28416 23625 20633 22248 14953 29411 21660 16164 30909  8518 17184 21954
  6430  7696 16013  3034 16425  2619 26072 21468 27962 30300 20121 15738
  2901 28804  6675 30189]",,100,code_module,EEE,0.5548125284987033,4.2
opt,"[ 6795 25410 23785 15467  4176 20859 17052  2842 22134 19336 20099 28617
  3997 28562  6430 16164 16425  3573  2869 21954 22248 30909 30249  3990
 14580  7927 27024  1268 25866 31004 18202 31144  4083  6675 31215  8964
 20588 16635 26072  8759  4490 29732 23945 21241 19102 27962 23396 25376
 29411  3149 28804 16013 29304 29785 13378  9616 20009 22071 23625 17252
  7696 17575 24968 23128 11075 20633 28416 14953 14514 20800 26833  4508
 30300  2619 32579 23900  8518 14057  2919 28864 16961 15738  3034 14422
 20121 21660 12726 21468 20018 13627 17184  7537  2947 22263 29692 16931
 28312 30189  2901  4207]","[20859, 22134, 20099, 21954, 22248, 20588, 21241, 20009, 22071, 20633, 20800, 20121, 21660, 21468, 20018, 22263, 6795, 25410, 23785, 15467, 4176, 17052, 2842, 19336, 28617, 3997, 28562, 6430, 16164, 16425, 3573, 2869, 30909, 30249, 3990, 14580, 7927, 27024, 1268, 25866, 31004, 18202, 31144, 4083, 6675, 31215, 8964, 16635, 26072, 8759, 4490, 29732, 23945, 19102, 27962, 23396, 25376, 29411, 3149, 28804, 16013, 29304, 29785, 13378, 9616, 23625, 17252, 7696, 17575, 24968, 23128, 11075, 28416, 14953, 14514, 26833, 4508, 30300, 2619, 32579, 23900, 8518, 14057, 2919, 28864, 16961, 15738, 3034, 14422, 12726, 13627, 17184, 7537, 2947, 29692, 16931, 28312, 30189, 2901, 4207]",,100,code_module,EEE,3.3807289932289937,1.2
warmup,"[13378 23785 16931  8759  7927 13627 16164 14953  7537 25410 15738 28562
  4176 21954 21468 22134 14514 30249 23945  3990  2901 29411  2919  2619
 28864 24968 14422  6430 23396  9616  2842 30189 31144 23128  7696 20018
 26072 29732  6795 17184  4490  3034 15467  2869 16961 29785 27024 27962
 28617 29304 28416 20121 28312 21660 23900 21241 20588 20633  3997 30300
  3149  4083 23625 16635 25376 22248 19102  2947 31004 12726  8964  4508
 28804 22263 17252 32579 14580  1268 17575 20859  3573  6675 30909 19336
 25866 20099 22071 14057 11075 16013 20009 20800  8518 17052 16425 18202
 26833 29692  4207 31215]","[20018, 20121, 21660, 21241, 20588, 20633, 22263, 20859, 20099, 22071, 20009, 20800, 13378, 23785, 16931, 8759, 7927, 13627, 16164, 14953, 7537, 25410, 15738, 28562, 4176, 21954, 21468, 22134, 14514, 30249, 23945, 3990, 2901, 29411, 2919, 2619, 28864, 24968, 14422, 6430, 23396, 9616, 2842, 30189, 31144, 23128, 7696, 26072, 29732, 6795, 17184, 4490, 3034, 15467, 2869, 16961, 29785, 27024, 27962, 28617, 29304, 28416, 28312, 23900, 3997, 30300, 3149, 4083, 23625, 16635, 25376, 22248, 19102, 2947, 31004, 12726, 8964, 4508, 28804, 17252, 32579, 14580, 1268, 17575, 3573, 6675, 30909, 19336, 25866, 14057, 11075, 16013, 8518, 17052, 16425, 18202, 26833, 29692, 4207, 31215]",mistral:7b,100,code_module,EEE,3.228312428312428,2.0
bigraph,"[20859 23396 20121 14953 20018 28864 30909 28562 16931  3573 28312 30249
 25410  7927  2869  2947 21241 29304 14422 26072 16425 28416 23128 23625
  6430  3034 29785 23900  6675  8759 20009  4207  8518  7696 29732 20099
 15738  3990 25866 22071 16013  9616  2919  4508  2842  2619  3997 20800
 23785  8964 15467 28804  4490 17052 29411 25376 21954 22263 16635 20633
  2901 23945 18202 19336 13378  7537 22134  6795 27024 32579 13627 17252
 14057 21468 14580 26833 14514 27962 20588 21660 28617  3149 19102 16961
 16164 30300 12726 24968 17575 31215 30189 29692  4083 31004 31144 11075
  4176  1268 22248 17184]","[20018, 20800, 23900, 20009, 20859, 20121, 4207, 20588, 22071, 21660, 21954, 20633, 32579, 21468, 16164, 29692, 22134, 13378, 7537, 26072, 9616, 6430, 3034, 6675, 23945, 11075, 20099, 25376, 21241, 23396, 17184, 2919, 14057, 22263, 22248, 25410, 4083, 29411, 28312, 7927, 29304, 27962, 17052, 28416, 18202, 29785, 16931, 16961, 14953, 28864, 30909, 28562, 3573, 30249, 2869, 2947, 14422, 16425, 23128, 23625, 8759, 8518, 7696, 29732, 15738, 3990, 25866, 16013, 4508, 2842, 2619, 3997, 23785, 8964, 15467, 28804, 4490, 16635, 2901, 19336, 6795, 27024, 13627, 17252, 14580, 26833, 14514, 28617, 3149, 19102, 30300, 12726, 24968, 17575, 31215, 30189, 31004, 31144, 4176, 1268]",mistral:7b,100,code_module,EEE,2.886775291795576,1.2
random,"[26979 27966 25468 26309 11030 27524 16480 27050 25063 23474 30442 21734
 17484 14620 17254 28663 26909  2675 19381 31137 27923 27484 12076 16435
  5165   508  1576 12385 12525  3651 24519 27708  4967 27497 28424 10472
 19255 12603  9177 22862  9998 28944 26683  7679 29007  4473 16475 31446
 21562 18589  5127 12623 18492 30328 30082 27543  1043 11887 27716 21947
 13865 32150 28746 24514 20270 19380  8445  5972 11270  5553 22362  8276
 26078  4419 17209  5311  9473 21877 11023 20809 27101  7462 26567 19818
 26688 17179 11976 29337 21784  1372 18806 13085 24050 10519 29688 30538
  1374 19761 26172 23135]","[26979 27966 25468 26309 11030 27524 16480 27050 25063 23474 30442 21734
 17484 14620 17254 28663 26909  2675 19381 31137 27923 27484 12076 16435
  5165   508  1576 12385 12525  3651 24519 27708  4967 27497 28424 10472
 19255 12603  9177 22862  9998 28944 26683  7679 29007  4473 16475 31446
 21562 18589  5127 12623 18492 30328 30082 27543  1043 11887 27716 21947
 13865 32150 28746 24514 20270 19380  8445  5972 11270  5553 22362  8276
 26078  4419 17209  5311  9473 21877 11023 20809 27101  7462 26567 19818
 26688 17179 11976 29337 21784  1372 18806 13085 24050 10519 29688 30538
  1374 19761 26172 23135]",,100,code_module,EEE,0.26224118416291264,0.6
opt,"[13865 22862 12623 27484 19818  9998  1043  4473 11887 18492 26688 26309
 19761 24050 17179  5553 29337  4419 11270 31446 30328 26979 24519 28746
 27923 13085 23135  1372 29007 26909 28663 32150 16475 19255  1374 30082
 20809 25468 14620 26078 22362 12525  1576 20270 27101 26172 21562 11976
 19380 17484 17209 27497  9177 21947 23474 11030 27050 12603 18589 21784
  7462 21877 25063  5311 27716  7679  5127 18806  2675 28424 27708 27524
 24514 17254 19381 30442 31137 27543 28944  9473 21734  8276 10519  5165
  5972  8445 30538 27966   508  3651  4967 12385 12076 11023 16480 26683
 10472 16435 26567 29688]","[19818, 19761, 20809, 20270, 21562, 19380, 21947, 21784, 21877, 19381, 21734, 13865, 22862, 12623, 27484, 9998, 1043, 4473, 11887, 18492, 26688, 26309, 24050, 17179, 5553, 29337, 4419, 11270, 31446, 30328, 26979, 24519, 28746, 27923, 13085, 23135, 1372, 29007, 26909, 28663, 32150, 16475, 19255, 1374, 30082, 25468, 14620, 26078, 22362, 12525, 1576, 27101, 26172, 11976, 17484, 17209, 27497, 9177, 23474, 11030, 27050, 12603, 18589, 7462, 25063, 5311, 27716, 7679, 5127, 18806, 2675, 28424, 27708, 27524, 24514, 17254, 30442, 31137, 27543, 28944, 9473, 8276, 10519, 5165, 5972, 8445, 30538, 27966, 508, 3651, 4967, 12385, 12076, 11023, 16480, 26683, 10472, 16435, 26567, 29688]",,100,code_module,EEE,3.0198773448773446,0.6
warmup,"[26683 27708  1372 10519 26172  5127 11270  7679  1043 26309  5553 12623
 27497 21734 27716 27484 17254 12603 11887 10472 12525 13865 21784 24519
 22362 27923 20809 24050  5311  1576 20270 27101 31446  8276 17484  3651
 19255 27050  5972  4967 26078  1374  8445 28944  9473  7462 27543 19761
 18806 27966 30442 31137 24514  9998 26688 16435 26567 21562 25063 19380
 29007   508 13085 25468 19818 16475 16480 29337 18589 27524 28746  4473
 18492 26979 23135  2675 30082 21947 30538 28663 32150 21877 12385  5165
 11976 12076 22862 30328 11023 14620 17179 29688  9177 17209 19381  4419
 11030 28424 23474 26909]","[21734, 21784, 21784, 20809, 20270, 20270, 19761, 21562, 19380, 21562, 19380, 19818, 19818, 21947, 30082, 21877, 19381, 19381, 26683, 27708, 1372, 10519, 26172, 5127, 11270, 7679, 1043, 26309, 5553, 12623, 27497, 27716, 27484, 17254, 12603, 11887, 10472, 12525, 13865, 24519, 22362, 27923, 24050, 5311, 1576, 27101, 31446, 8276, 17484, 3651, 19255, 27050, 5972, 4967, 26078, 1374, 8445, 28944, 9473, 7462, 27543, 18806, 27966, 30442, 31137, 24514, 9998, 26688, 16435, 26567, 25063, 29007, 508, 13085, 25468, 16475, 16480, 29337, 18589, 27524, 28746, 4473, 18492, 26979, 23135, 2675, 30538, 28663, 32150, 12385, 5165, 11976, 12076, 22862, 30328, 11023, 14620, 17179, 29688, 9177]",mistral:7b,100,code_module,EEE,3.4284414115296467,4.4
bigraph,"[20270 28746 19761 23135  2675 18806  5165 16435  5972 11976 19381 25063
 27543 11270  1374 17209 32150 21734 21877 29007 29337 11887 26909 13085
 30328 26683  9177  4967 24514  1372 17179 17484 28424 27923  8445 19380
  1576  9473 12525 12623 26688 26979 18589 27497 10519 26567 12603  7679
 21784 31137 27050 11030 28663 13865  1043  5127 17254 23474 22362 30442
 16480 31446 30538 24050 20809 26172 12076 27708 27484   508 12385  4419
 30082 10472 27101 19255 19818  4473 27966 25468 21947 24519 18492  5311
  8276  5553  9998  7462 22862 29688 16475 28944 21562 14620  3651 26078
 26309 11023 27716 27524]","[19381, 19380, 20809, 19818, 21562, 20270, 21784, 21947, 22362, 21877, 12076, 27101, 26567, 4473, 23474, 25063, 19761, 27716, 16475, 21734, 18806, 30328, 3651, 12623, 19255, 26309, 1043, 11976, 11030, 4419, 8276, 5553, 28746, 23135, 2675, 5165, 16435, 5972, 27543, 11270, 1374, 17209, 32150, 29007, 29337, 11887, 26909, 13085, 26683, 9177, 4967, 24514, 1372, 17179, 17484, 28424, 27923, 8445, 1576, 9473, 12525, 26688, 26979, 18589, 27497, 10519, 12603, 7679, 31137, 27050, 28663, 13865, 5127, 17254, 30442, 16480, 31446, 30538, 24050, 26172, 27708, 27484, 508, 12385, 30082, 10472, 27966, 25468, 24519, 18492, 5311, 9998, 7462, 22862, 29688, 28944, 14620, 26078, 11023, 27524]",mistral:7b,100,code_module,EEE,2.926680672268907,1.6
random,"[ 1567 13810 10926  8255 15415 19910 10009 25026  8755 20543 29864  8444
 21650  1319  7084 23409 31217 23088  2482 29681 20779  4778 16334 29891
 29447 18841 19924 23946 12445 25001 27484  1990 15034 19175 13247 24371
 16319 31482 27610 18232 24362 19542 17551  7416  9583  7951 24070 15173
 13715 18800 18251 25165  3336 21980 31128 13956  7835 22865  9202 29243
 31316 11869 27157  7914 16053 17390 27842 20854 22803 32181 12356 14981
 14704 12766 12142  7616    85 18473 29600   848 27983 23470  5616 17297
  3296  3353 18788 12570 16179 18206  1770 14968 31313 17815 12518 12505
 23292  3658 29341 21688]","[ 1567 13810 10926  8255 15415 19910 10009 25026  8755 20543 29864  8444
 21650  1319  7084 23409 31217 23088  2482 29681 20779  4778 16334 29891
 29447 18841 19924 23946 12445 25001 27484  1990 15034 19175 13247 24371
 16319 31482 27610 18232 24362 19542 17551  7416  9583  7951 24070 15173
 13715 18800 18251 25165  3336 21980 31128 13956  7835 22865  9202 29243
 31316 11869 27157  7914 16053 17390 27842 20854 22803 32181 12356 14981
 14704 12766 12142  7616    85 18473 29600   848 27983 23470  5616 17297
  3296  3353 18788 12570 16179 18206  1770 14968 31313 17815 12518 12505
 23292  3658 29341 21688]",,100,code_module,EEE,0.49527975292681176,1.8
opt,"[29243 19924 24371 14704 24362 25026 13956  5616 14968  7835 16334 12505
 15034 19910 18788 23946 16319 12570 17551  8755  7616 29681 21688 16053
 16179  1770 21980 11869 22803 18232 10926 27484 18251 25001  2482  3296
 29341  1567 22865 14981 31316 12518 12356 18206 12445 27842 24070  7416
 20543 13810  1319 12142 23088 12766 15415 32181 18841 13247 27157 23470
 17815  3336 19175  9202 29891 23292 13715 31128 31313 18473 23409  8444
 31482 20779 27610  4778  1990   848 31217  3353    85 19542 15173  7084
 20854 29447  8255 17390  7914 27983 17297 10009 21650 29600 25165  3658
 29864  9583 18800  7951]","[19924, 19910, 21688, 21980, 20543, 20779, 19542, 20854, 21650, 29243, 24371, 14704, 24362, 25026, 13956, 5616, 14968, 7835, 16334, 12505, 15034, 18788, 23946, 16319, 12570, 17551, 8755, 7616, 29681, 16053, 16179, 1770, 11869, 22803, 18232, 10926, 27484, 18251, 25001, 2482, 3296, 29341, 1567, 22865, 14981, 31316, 12518, 12356, 18206, 12445, 27842, 24070, 7416, 13810, 1319, 12142, 23088, 12766, 15415, 32181, 18841, 13247, 27157, 23470, 17815, 3336, 19175, 9202, 29891, 23292, 13715, 31128, 31313, 18473, 23409, 8444, 31482, 27610, 4778, 1990, 848, 31217, 3353, 85, 15173, 7084, 29447, 8255, 17390, 7914, 27983, 17297, 10009, 29600, 25165, 3658, 29864, 9583, 18800, 7951]",,100,code_module,EEE,2.8289682539682537,0.8
warmup,"[  848 23292 24070  7616 20543 15034 19910 23470 29341 12356  1567  4778
 18473 17297 18206 23409 27983  1770  7951 12518 21980 11869 10926 13715
 18788 27842  7914 29600 20779 16053 29891  5616 14704  8755 15415 17551
 10009  3296 27484 19542 29681 16179 12505 13810 23088  2482 17390 29864
 25026  9202 12445 15173 16334 21650 20854  7835 18800  3336 29243 29447
  8444 18841 31482  8255 23946 32181 22803 12142 31313 27610 17815 22865
 24371  1319 12570 21688 18232 18251 25001  3658 14968  1990 14981 19175
 31217  3353 19924 31316  9583 13247 24362 25165 13956 27157    85 12766
  7416  7084 16319 31128]","[20543, 19910, 20543, 19910, 21980, 20779, 19542, 19542, 21650, 20854, 21650, 20854, 21688, 21688, 18232, 18251, 25001, 3658, 1990, 14968, 14981, 19175, 19924, 848, 23292, 24070, 7616, 15034, 23470, 29341, 12356, 1567, 4778, 18473, 17297, 18206, 23409, 27983, 1770, 7951, 12518, 11869, 10926, 13715, 18788, 27842, 7914, 29600, 16053, 29891, 5616, 14704, 8755, 15415, 17551, 10009, 3296, 27484, 29681, 16179, 12505, 13810, 23088, 2482, 17390, 29864, 25026, 9202, 12445, 15173, 16334, 7835, 18800, 3336, 29243, 29447, 8444, 18841, 31482, 8255, 23946, 32181, 22803, 12142, 31313, 27610, 17815, 22865, 24371, 1319, 12570, 31217, 3353, 31316, 9583, 13247, 24362, 25165, 13956, 27157]",mistral:7b,100,code_module,EEE,3.295040587431892,1.2
bigraph,"[18206 29341  9583  5616  8255 27983 12445  7914  3296 15415 27610 31313
 17390 31482  4778 16053 27484 14981 22865 31217  8444 24070 29891  3336
 20854 32181 23088 12142 24362 12766  2482 18841 31316 23470 19910 14968
 29447 29864 16319 20543 23946 27842 31128 13715 23409 16334 17815 18251
 21980 25001 11869 18473 18232  8755 12570  7951 22803 29600    85 10009
 19542 18788  7416 12505 13956 18800   848 13810 27157 29681 23292 10926
  3658 14704 20779  1770  1319  1990 21650 17551 24371 16179 19175 21688
  7616  3353 25165 19924 15034 29243 12356  1567 12518  7835 17297  7084
  9202 25026 15173 13247]","[20543, 19542, 20779, 21688, 19924, 20854, 19910, 23409, 31128, 14704, 1990, 27842, 25001, 15173, 18800, 13247, 21980, 31313, 5616, 12570, 13956, 15034, 21650, 23088, 18232, 31217, 2482, 7914, 3353, 9202, 27983, 18206, 29341, 9583, 8255, 12445, 3296, 15415, 27610, 17390, 31482, 4778, 16053, 27484, 14981, 22865, 8444, 24070, 29891, 3336, 32181, 12142, 24362, 12766, 18841, 31316, 23470, 14968, 29447, 29864, 16319, 23946, 13715, 16334, 17815, 18251, 11869, 18473, 8755, 7951, 22803, 29600, 85, 10009, 18788, 7416, 12505, 848, 13810, 27157, 29681, 23292, 10926, 3658, 1770, 1319, 17551, 24371, 16179, 19175, 7616, 25165, 29243, 12356, 1567, 12518, 7835, 17297, 7084, 25026]",mistral:7b,100,code_module,EEE,2.6951589331384724,1.0
