algorithm,original,reordered,model,size,column,value,rank_utils,gpt-4o-mini_error
random,"[ 3400 27108  4205 12735  8743 11159 25329 15235  4401 10285 18114 21722
 19542   751 29337 20167  1086   743  1778  8941 28302 20577 26310 26416
 32050 32309 27744 14783  1205 19149 19797 20918 25440  3257 12414  1394
 24167  8585 10773 26607 22376  1199 24049  2924 19049  9117  8706 27415
 12333  4943 23394  9610   723 10436 22534 20278 20131 15118 14259  8745
 24510 27329  1501 24513 17878  7247  1222   159 11795  6867 22457  8221
 19695 12755  4921 18341 30196   312 27673  3217 10369 27202   736 17434
 19602  8094  9508 10175  6972  4660  8772  9455 29214 28455 30768 10624
 22016  8430 24003 24981]","[ 3400 27108  4205 12735  8743 11159 25329 15235  4401 10285 18114 21722
 19542   751 29337 20167  1086   743  1778  8941 28302 20577 26310 26416
 32050 32309 27744 14783  1205 19149 19797 20918 25440  3257 12414  1394
 24167  8585 10773 26607 22376  1199 24049  2924 19049  9117  8706 27415
 12333  4943 23394  9610   723 10436 22534 20278 20131 15118 14259  8745
 24510 27329  1501 24513 17878  7247  1222   159 11795  6867 22457  8221
 19695 12755  4921 18341 30196   312 27673  3217 10369 27202   736 17434
 19602  8094  9508 10175  6972  4660  8772  9455 29214 28455 30768 10624
 22016  8430 24003 24981]",,100,code_module,EEE,0.40289263710320516,6.6
opt,"[ 8585 20918 19797 25440  4921  4943 25329 20167  3400 22016 10175 20278
 22534 24510  8772  6972 29337 11795 19695 27202 14259  8221   312 18341
 17878 12735  8094 26310  9610 27415 20577 27673   736 15118 19049  4660
  8745 24981 19149 10773  4205 24049 10285 20131 28455 27329   723 24167
 14783 23394 29214 32309 22376 15235 24513  1501 10436 10369  9117 18114
  8743 11159  8706  1222  9508  7247  1199  3257 24003   751 12414  6867
 19602 26607 22457   743  3217 32050 27108 30196 12333 27744  9455  1778
  1394 28302 30768  2924  8430  1205 12755 17434  1086 19542   159 21722
 10624 26416  4401  8941]","[20918, 19797, 20167, 22016, 20278, 19695, 20577, 20131, 19602, 19542, 21722, 8585, 25440, 4921, 4943, 25329, 3400, 10175, 22534, 24510, 8772, 6972, 29337, 11795, 27202, 14259, 8221, 312, 18341, 17878, 12735, 8094, 26310, 9610, 27415, 27673, 736, 15118, 19049, 4660, 8745, 24981, 19149, 10773, 4205, 24049, 10285, 28455, 27329, 723, 24167, 14783, 23394, 29214, 32309, 22376, 15235, 24513, 1501, 10436, 10369, 9117, 18114, 8743, 11159, 8706, 1222, 9508, 7247, 1199, 3257, 24003, 751, 12414, 6867, 26607, 22457, 743, 3217, 32050, 27108, 30196, 12333, 27744, 9455, 1778, 1394, 28302, 30768, 2924, 8430, 1205, 12755, 17434, 1086, 159, 10624, 26416, 4401, 8941]",,100,code_module,EEE,3.0198773448773446,12.8
warmup,"[ 4943 12414  4660  1394 21722 27744 10624 22534 22457 12755 18341 11159
  1222 30196  2924 26416 14259 32309 24513  6972 27202 20278  8743 17434
 10369  4921 25440 10773  8094  9117  1778  1086 30768 28302  8745 24510
 19542 29337 15118 20577 20918  8772 22016 27329 26310 19695   723  8430
   159 11795  4401  3400 17878 18114 15235  1205 29214 14783 12333  9508
 10175 22376   751 25329 26607  9610 24049 20167 24981 19149   312  3217
  1501  8941   743 32050 23394  1199 20131  8221 19049 19602  3257 24003
  8706 10436  6867   736 28455  4205 24167 10285  7247 12735 19797  8585
 27108  9455 27673 27415]","[21722, 20278, 19542, 20577, 20918, 22016, 19695, 20167, 20131, 19602, 19797, 4943, 12414, 4660, 1394, 27744, 10624, 22534, 22457, 12755, 18341, 11159, 1222, 30196, 2924, 26416, 14259, 32309, 24513, 6972, 27202, 8743, 17434, 10369, 4921, 25440, 10773, 8094, 9117, 1778, 1086, 30768, 28302, 8745, 24510, 29337, 15118, 8772, 27329, 26310, 723, 8430, 159, 11795, 4401, 3400, 17878, 18114, 15235, 1205, 29214, 14783, 12333, 9508, 10175, 22376, 751, 25329, 26607, 9610, 24049, 24981, 19149, 312, 3217, 1501, 8941, 743, 32050, 23394, 1199, 8221, 19049, 3257, 24003, 8706, 10436, 6867, 736, 28455, 4205, 24167, 10285, 7247, 12735, 8585, 27108, 9455, 27673, 27415]",gemma2:9b,100,code_module,EEE,3.0198773448773446,5.2
bigraph,"[ 3400 27202 17878  8430  8585 24981  3217 12735  1778 21722 22534 19695
  3257 28455 19602  4660 18341 22457  8941  8745  6972   743  1501 28302
  8743 12333 23394  4943 10285  9610 10773 10175 19149  4921 12414   736
  8094  2924 24510 32309  1222 29214 20577  4205 11795 30196  1394 17434
 20131 11159 27744   159  8772 22016  1205 27673 14783  9455 20167 19542
  8706 32050 19049 24167 19797 20278 22376  8221 30768  6867 27108 10369
 12755 24513  7247 27415  4401 29337   312 26607 25440 24049 27329 25329
 15118 20918 24003 15235  1199 26416 10624 14259 18114  9117   723 10436
  1086 26310  9508   751]","[21722, 19695, 19602, 20577, 20131, 22016, 20167, 19542, 19797, 20278, 20918, 3257, 4205, 25440, 26310, 24167, 24513, 24510, 24981, 2924, 3400, 27202, 17878, 8430, 8585, 3217, 12735, 1778, 22534, 28455, 4660, 18341, 22457, 8941, 8745, 6972, 743, 1501, 28302, 8743, 12333, 23394, 4943, 10285, 9610, 10773, 10175, 19149, 4921, 12414, 736, 8094, 32309, 1222, 29214, 11795, 30196, 1394, 17434, 11159, 27744, 159, 8772, 1205, 27673, 14783, 9455, 8706, 32050, 19049, 22376, 8221, 30768, 6867, 27108, 10369, 12755, 7247, 27415, 4401, 29337, 312, 26607, 24049, 27329, 25329, 15118, 24003, 15235, 1199, 26416, 10624, 14259, 18114, 9117, 723, 10436, 1086, 9508, 751]",gemma2:9b,100,code_module,EEE,3.0198773448773446,3.0
random,"[27375   690  6133   428 28422 14154 24718 23746  7666  7235 23310 29493
 28851 30532 18899 29138 17246 24770 17736 29150 30653 11484 29764  7942
 31955  8991 29283 14859 24418 13524 24597  9303  7852 25101 11293   797
 30247 16335  1738 15293  8089  5603  1578 26650 23082 31029 22609 23644
 30576 22985  7656  3194 22837 10101 32187  2181 10455 19807 17339  2017
  3632 18967 11733  9419 20605  4411 32056 27591 29809 17754  6522   478
  9639 17401 14278 30261 11297 19268  4102 13756 26188 18209 10375 28099
 18841 32112 31861 11296 23939 10143 14968  2883 11231 11635 11754 10912
 29071 31461 16908 23340]","[27375   690  6133   428 28422 14154 24718 23746  7666  7235 23310 29493
 28851 30532 18899 29138 17246 24770 17736 29150 30653 11484 29764  7942
 31955  8991 29283 14859 24418 13524 24597  9303  7852 25101 11293   797
 30247 16335  1738 15293  8089  5603  1578 26650 23082 31029 22609 23644
 30576 22985  7656  3194 22837 10101 32187  2181 10455 19807 17339  2017
  3632 18967 11733  9419 20605  4411 32056 27591 29809 17754  6522   478
  9639 17401 14278 30261 11297 19268  4102 13756 26188 18209 10375 28099
 18841 32112 31861 11296 23939 10143 14968  2883 11231 11635 11754 10912
 29071 31461 16908 23340]",,100,code_module,EEE,0.03262599469496021,0.8
opt,"[ 6522 11733   690  9639 23644 17339 29764 24718  6133 32112  2181 17754
  5603 10375 24418 31955 32187 22609 13524 31461 26188  3194  2017 22985
 15293  2883 11293 22837  4411 19807 30247 18841 23939 30576 17401 10912
 30261 29283  3632 29493  1738 28422  7852  9419 16335 25101 18209 27591
  7942 17736 10455 29809 31029 26650 18899 13756 10101 23746  1578 11635
 10143 19268 16908 14968 11231  9303 32056 23310 23340 29071 28851 11754
   478 14278   797 24597  8089 18967 29138 30532 11297 31861 29150  4102
 28099 17246   428 24770 27375 14154  7235 11296  7666 14859 20605 23082
  7656  8991 11484 30653]","[19807, 20605, 6522, 11733, 690, 9639, 23644, 17339, 29764, 24718, 6133, 32112, 2181, 17754, 5603, 10375, 24418, 31955, 32187, 22609, 13524, 31461, 26188, 3194, 2017, 22985, 15293, 2883, 11293, 22837, 4411, 30247, 18841, 23939, 30576, 17401, 10912, 30261, 29283, 3632, 29493, 1738, 28422, 7852, 9419, 16335, 25101, 18209, 27591, 7942, 17736, 10455, 29809, 31029, 26650, 18899, 13756, 10101, 23746, 1578, 11635, 10143, 19268, 16908, 14968, 11231, 9303, 32056, 23310, 23340, 29071, 28851, 11754, 478, 14278, 797, 24597, 8089, 18967, 29138, 30532, 11297, 31861, 29150, 4102, 28099, 17246, 428, 24770, 27375, 14154, 7235, 11296, 7666, 14859, 23082, 7656, 8991, 11484, 30653]",,100,code_module,EEE,1.5,0.0
warmup,"[11635  4411 10912 11754 18899 11296  7942 17339 16908 13756 19807 23939
 14278 28851  9639  3194 27591  7666 23746 25101  5603 10101 31955 22609
 29809 30576 28099 26650 11297 18967  6133  6522 29138 19268 23340 11733
 29150 15293  8991 30532 11231  7852 31029 17401 28422 23644  3632  2017
   690 26188   797  9303 27375 29283  1578 16335 24718  8089 24597 29493
  2883 10375  7235 11293 23310 10143 24770 32112 18209 11484  2181 17736
 24418 31461  1738 14859 14154   478 17246 32187 29764 31861 17754  9419
  4102   428 10455 22985 30261 23082 22837 29071 30247 20605 30653 14968
  7656 18841 32056 13524]","[19807, 20605, 11635, 4411, 10912, 11754, 18899, 11296, 7942, 17339, 16908, 13756, 23939, 14278, 28851, 9639, 3194, 27591, 7666, 23746, 25101, 5603, 10101, 31955, 22609, 29809, 30576, 28099, 26650, 11297, 18967, 6133, 6522, 29138, 19268, 23340, 11733, 29150, 15293, 8991, 30532, 11231, 7852, 31029, 17401, 28422, 23644, 3632, 2017, 690, 26188, 797, 9303, 27375, 29283, 1578, 16335, 24718, 8089, 24597, 29493, 2883, 10375, 7235, 11293, 23310, 10143, 24770, 32112, 18209, 11484, 2181, 17736, 24418, 31461, 1738, 14859, 14154, 478, 17246, 32187, 29764, 31861, 17754, 9419, 4102, 428, 10455, 22985, 30261, 23082, 22837, 29071, 30247, 30653, 14968, 7656, 18841, 32056, 13524]",gemma2:9b,100,code_module,EEE,1.5,0.0
bigraph,"[19268 22837 30261  9639 31955 10912  7942  1578 31461 26650 19807  4411
 15293  7656 26188 16908 10101  1738  9419 27591 32112 23644 30532 29283
 30247 14278 16335  7666 17754 18899 29493 20605 14968  3632  7852 11635
 11733 22609 28422 18209 17736 23310 17339 24597  8089 14859   428 24418
  6133  2883 31029 18841 17246 10143  2017 24718 13756  4102  2181 23082
 28851 29764 18967 17401   478 29150 29071  5603 30653 11231 25101  3194
 11293 29809 14154 11484 10455   797 22985  9303 31861 29138 32187   690
 10375 23939 23746 13524  7235 23340  8991 32056 30576 28099 11297 11296
 24770 27375  6522 11754]","[19807, 20605, 19268, 22837, 30261, 9639, 31955, 10912, 7942, 1578, 31461, 26650, 4411, 15293, 7656, 26188, 16908, 10101, 1738, 9419, 27591, 32112, 23644, 30532, 29283, 30247, 14278, 16335, 7666, 17754, 18899, 29493, 14968, 3632, 7852, 11635, 11733, 22609, 28422, 18209, 17736, 23310, 17339, 24597, 8089, 14859, 428, 24418, 6133, 2883, 31029, 18841, 17246, 10143, 2017, 24718, 13756, 4102, 2181, 23082, 28851, 29764, 18967, 17401, 478, 29150, 29071, 5603, 30653, 11231, 25101, 3194, 11293, 29809, 14154, 11484, 10455, 797, 22985, 9303, 31861, 29138, 32187, 690, 10375, 23939, 23746, 13524, 7235, 23340, 8991, 32056, 30576, 28099, 11297, 11296, 24770, 27375, 6522, 11754]",gemma2:9b,100,code_module,EEE,1.5,0.0
random,"[ 7577 28219 15578 24043  5403 15335 14383 16649 18674 23655 31592  9554
  2094  5106 26516 30313 18759 24049 18678 11614 32209 25052 30122  3246
 26666 14049  7186  4998 21813 22932 32588 31503 15718 20386 24205 25463
  7871 31142  1513 23861 16257 28306  1528 17131 20950 16106 12743 15779
 16995  7950 29709  6037  9512  9798 26555 30977  3710 29590 30949 32378
  1991 16622  2644  5155 15384  4579 30151  9558 28438 22289  1512  2383
   371 16251 24720 32182  1474  7783 29615 27484  6295 29552  9652  5916
 16570  6079  4598 23079 22398 17070 27929 23427 20310  8657 29765 22922
 23848 12926 19474  3793]","[ 7577 28219 15578 24043  5403 15335 14383 16649 18674 23655 31592  9554
  2094  5106 26516 30313 18759 24049 18678 11614 32209 25052 30122  3246
 26666 14049  7186  4998 21813 22932 32588 31503 15718 20386 24205 25463
  7871 31142  1513 23861 16257 28306  1528 17131 20950 16106 12743 15779
 16995  7950 29709  6037  9512  9798 26555 30977  3710 29590 30949 32378
  1991 16622  2644  5155 15384  4579 30151  9558 28438 22289  1512  2383
   371 16251 24720 32182  1474  7783 29615 27484  6295 29552  9652  5916
 16570  6079  4598 23079 22398 17070 27929 23427 20310  8657 29765 22922
 23848 12926 19474  3793]",,100,code_module,EEE,0.12125615810756163,7.6
opt,"[22398 28306 14049  7950 17070 25052  5403 29765  8657 12743 14383 24043
 30949 15384 30151  2383 26555 24049 16995 23427 29615  3793  9798 32378
 29590  3710 16106  9512  5106 23655 15718 31503 29709 32182 27484  5916
 23848  1513 20310 16251 29552  6037 16649 26516   371 17131 15578 28438
 20950 32209  9554  9652 16257 27929  3246  9558 30313  6079 22289 30122
 11614  4998 19474  2644  1528 31592 25463 15335 18759  1991  1474 23079
 30977  7871 12926 24205 26666 24720  1512 15779  2094  5155 22922 18674
 18678 28219 32588 21813  7186 23861 31142  4579 16570  7577 22932 16622
  7783  4598  6295 20386]","[20310, 20950, 22289, 19474, 21813, 20386, 22398, 28306, 14049, 7950, 17070, 25052, 5403, 29765, 8657, 12743, 14383, 24043, 30949, 15384, 30151, 2383, 26555, 24049, 16995, 23427, 29615, 3793, 9798, 32378, 29590, 3710, 16106, 9512, 5106, 23655, 15718, 31503, 29709, 32182, 27484, 5916, 23848, 1513, 16251, 29552, 6037, 16649, 26516, 371, 17131, 15578, 28438, 32209, 9554, 9652, 16257, 27929, 3246, 9558, 30313, 6079, 30122, 11614, 4998, 2644, 1528, 31592, 25463, 15335, 18759, 1991, 1474, 23079, 30977, 7871, 12926, 24205, 26666, 24720, 1512, 15779, 2094, 5155, 22922, 18674, 18678, 28219, 32588, 7186, 23861, 31142, 4579, 16570, 7577, 22932, 16622, 7783, 4598, 6295]",,100,code_module,EEE,2.4499999999999997,1.6
warmup,"[30151 20386 30949 16251  4579 14049  9652 28438 22922 19474 28306 26666
 24720 28219  1474  2644 22289 27484  1512 15779 21813  1528 15578  4998
  4598  7783 26516 24043 29552 29765  1513 16995 20310 22932 25052 16257
 18678 15718 12743  2383  9798 20950 30122  9512  5155 31592 23848  7186
  3246 18759 11614 29590 25463 16649  1991 29615 17131  7871 16106  5106
 32182  5916 32378 16570 17070 27929 23861 31503 30313 23079 23655 32209
  6037  5403 14383 31142  3793  6079 23427  2094 15335 18674  6295 24049
 24205 15384 22398  9558 12926 16622 30977   371  9554  3710  7950  8657
 32588 26555  7577 29709]","[20386, 19474, 22289, 21813, 20310, 20950, 30151, 30949, 16251, 4579, 14049, 9652, 28438, 22922, 28306, 26666, 24720, 28219, 1474, 2644, 27484, 1512, 15779, 1528, 15578, 4998, 4598, 7783, 26516, 24043, 29552, 29765, 1513, 16995, 22932, 25052, 16257, 18678, 15718, 12743, 2383, 9798, 30122, 9512, 5155, 31592, 23848, 7186, 3246, 18759, 11614, 29590, 25463, 16649, 1991, 29615, 17131, 7871, 16106, 5106, 32182, 5916, 32378, 16570, 17070, 27929, 23861, 31503, 30313, 23079, 23655, 32209, 6037, 5403, 14383, 31142, 3793, 6079, 23427, 2094, 15335, 18674, 6295, 24049, 24205, 15384, 22398, 9558, 12926, 16622, 30977, 371, 9554, 3710, 7950, 8657, 32588, 26555, 7577, 29709]",gemma2:9b,100,code_module,EEE,2.4499999999999997,4.6
bigraph,"[12743  2094 15718 29765  6037 20950 11614 25052  9558 23427 15384 18678
  3246  9798 30151 14383 23861  6079 16251 16622 29615 22398  7186 30313
  1512 19474  7783 24043 22289 29709 32588 32209 31592 27929  2383  4579
  2644  1513 15335  1474 31503 14049 26555 16257 16649 30949  5916 28306
   371 23079 22932  5155 18674 26516  1991 15578 30122 24049  1528 31142
 18759  4598 24720 28438 22922 16995  5403  8657  5106 21813  3793 17070
 29552  6295 12926 25463  9652 20386 24205 17131 23655 28219 29590  4998
  7577  9554  7871 32378  9512  3710 16570 20310 30977  7950 15779 16106
 27484 23848 32182 26666]","[20950, 19474, 22289, 21813, 20386, 20310, 31503, 7950, 12743, 2094, 15718, 29765, 6037, 11614, 25052, 9558, 23427, 15384, 18678, 3246, 9798, 30151, 14383, 23861, 6079, 16251, 16622, 29615, 22398, 7186, 30313, 1512, 7783, 24043, 29709, 32588, 32209, 31592, 27929, 2383, 4579, 2644, 1513, 15335, 1474, 14049, 26555, 16257, 16649, 30949, 5916, 28306, 371, 23079, 22932, 5155, 18674, 26516, 1991, 15578, 30122, 24049, 1528, 31142, 18759, 4598, 24720, 28438, 22922, 16995, 5403, 8657, 5106, 3793, 17070, 29552, 6295, 12926, 25463, 9652, 24205, 17131, 23655, 28219, 29590, 4998, 7577, 9554, 7871, 32378, 9512, 3710, 16570, 30977, 15779, 16106, 27484, 23848, 32182, 26666]",gemma2:9b,100,code_module,EEE,2.4499999999999997,5.2
random,"[25936 24981 17933 29421  4496 24434 28366 24663  8743  9084 18952 11786
 26718 12079 17134  8365 11815 19399 13025 25175 26148 15456 13022  5018
  2266 30783 11680 31499 12253  5913  8389 14809 29390  8323 21020 27171
 28401 10452  9743 17915 18075 11245 14974  2882 31645  2820 11035  5076
 21238 18387 10962 25024 14202 15432 14626 22024  3607 19331 18012  4469
  5912 24758 16466 12234 16160 29223 15077  2989 10178 22638 18071 20187
 24856 14868 22701 32561  6480 17589  8581 27026 11593 17985  6367  5423
 29603  7834 26144 19158  2651 10017 21801 10850 24176  8576  9724  7076
 17442 20172  4096  9251]","[25936 24981 17933 29421  4496 24434 28366 24663  8743  9084 18952 11786
 26718 12079 17134  8365 11815 19399 13025 25175 26148 15456 13022  5018
  2266 30783 11680 31499 12253  5913  8389 14809 29390  8323 21020 27171
 28401 10452  9743 17915 18075 11245 14974  2882 31645  2820 11035  5076
 21238 18387 10962 25024 14202 15432 14626 22024  3607 19331 18012  4469
  5912 24758 16466 12234 16160 29223 15077  2989 10178 22638 18071 20187
 24856 14868 22701 32561  6480 17589  8581 27026 11593 17985  6367  5423
 29603  7834 26144 19158  2651 10017 21801 10850 24176  8576  9724  7076
 17442 20172  4096  9251]",,100,code_module,EEE,0.15747427175998605,6.2
opt,"[ 9251  8389 17442 17589 24981 17933 18012  5912 11815 27171  6367 30783
  5018 19399 10452 19158  9743 11245 21020 22701 12253 29390  7834 18952
 21801 17134 12079 16466 13022  5423  5076 14974  2989 18075 29223 26718
  2266  8323 25936 14868 17915 11035 29603 13025 10017 24176 24758  9084
 11593 10962 27026  8581 12234 32561  8743 21238 26148 14626 24663 15432
 22638 18071 14202  7076 20187 11786 28366 10850 11680  3607  5913  6480
  8576 18387  4496 26144  8365 25024 24434 31499 17985  2820  4469 19331
  2882 24856 31645  2651 22024 28401 29421 14809 16160 20172 25175  4096
 15077 10178  9724 15456]","[19399, 21020, 21801, 21238, 20187, 22024, 20172, 9251, 8389, 17442, 17589, 24981, 17933, 18012, 5912, 11815, 27171, 6367, 30783, 5018, 10452, 19158, 9743, 11245, 22701, 12253, 29390, 7834, 18952, 17134, 12079, 16466, 13022, 5423, 5076, 14974, 2989, 18075, 29223, 26718, 2266, 8323, 25936, 14868, 17915, 11035, 29603, 13025, 10017, 24176, 24758, 9084, 11593, 10962, 27026, 8581, 12234, 32561, 8743, 26148, 14626, 24663, 15432, 22638, 18071, 14202, 7076, 11786, 28366, 10850, 11680, 3607, 5913, 6480, 8576, 18387, 4496, 26144, 8365, 25024, 24434, 31499, 17985, 2820, 4469, 19331, 2882, 24856, 31645, 2651, 28401, 29421, 14809, 16160, 25175, 4096, 15077, 10178, 9724, 15456]",,100,code_module,EEE,2.5928571428571425,1.4
warmup,"[ 7076 32561 16160 20172 10850  8576  8743 22638 15456 16466 11245 26148
 28366 10962  9251 20187 25175 21020  8365  4496 30783 26144 17933 15432
  5423 17985 25024 26718 24434  8323 18952 21238 18075 12079 29603 24663
  2882 11815 21801  2266 18387  3607  2989  4469 18071 19158 13025 25936
 10178 12234 14626  4096 24856 28401  8581  2651  8389 11593 10452 24176
 24981 13022  9724 14868  5913  7834  6367 22701  6480 11786  9084  5076
  5912 27026 24758 31499 17442 29421 11680 14974 22024 19331 29223 15077
 29390 11035  9743 17134 18012 14809 17915 10017 31645 19399  2820 27171
 12253 14202  5018 17589]","[20172, 20187, 21020, 21238, 21801, 22024, 19399, 7076, 32561, 16160, 10850, 8576, 8743, 22638, 15456, 16466, 11245, 26148, 28366, 10962, 9251, 25175, 8365, 4496, 30783, 26144, 17933, 15432, 5423, 17985, 25024, 26718, 24434, 8323, 18952, 18075, 12079, 29603, 24663, 2882, 11815, 2266, 18387, 3607, 2989, 4469, 18071, 19158, 13025, 25936, 10178, 12234, 14626, 4096, 24856, 28401, 8581, 2651, 8389, 11593, 10452, 24176, 24981, 13022, 9724, 14868, 5913, 7834, 6367, 22701, 6480, 11786, 9084, 5076, 5912, 27026, 24758, 31499, 17442, 29421, 11680, 14974, 19331, 29223, 15077, 29390, 11035, 9743, 17134, 18012, 14809, 17915, 10017, 31645, 2820, 27171, 12253, 14202, 5018, 17589]",gemma2:9b,100,code_module,EEE,2.5928571428571425,1.8
bigraph,"[10017  9724 20187 24663 17134 19158  9084 28401  2820 10178  5912  3607
 12234 10452 15077 15456 25936 29421 14974 16160 19399  4496 11245 27171
  8743  5423 17933 26718 29603  6480  2266 26144 11593 22701 11815 18071
  4096 17915 17589  9251  5076 12253 18387 22638 12079  8389 24981 28366
 14809 22024 29390  8323 13025 20172 19331  2651 14868  2882 32561  7076
 16466  8576 10850  6367 17442 17985 27026 11786  7834  2989 11680 18075
 18952 30783 14202 31645 26148  8365 13022  4469 11035 24856 21801 10962
 24176  9743 15432 25175  5913 21238 25024 24758  8581 31499 29223 18012
 21020  5018 14626 24434]","[20187, 19399, 22024, 20172, 21801, 21238, 21020, 29390, 11680, 2989, 2820, 8365, 17933, 10017, 9724, 24663, 17134, 19158, 9084, 28401, 10178, 5912, 3607, 12234, 10452, 15077, 15456, 25936, 29421, 14974, 16160, 4496, 11245, 27171, 8743, 5423, 26718, 29603, 6480, 2266, 26144, 11593, 22701, 11815, 18071, 4096, 17915, 17589, 9251, 5076, 12253, 18387, 22638, 12079, 8389, 24981, 28366, 14809, 8323, 13025, 19331, 2651, 14868, 2882, 32561, 7076, 16466, 8576, 10850, 6367, 17442, 17985, 27026, 11786, 7834, 18075, 18952, 30783, 14202, 31645, 26148, 13022, 4469, 11035, 24856, 10962, 24176, 9743, 15432, 25175, 5913, 25024, 24758, 8581, 31499, 29223, 18012, 5018, 14626, 24434]",gemma2:9b,100,code_module,EEE,2.5928571428571425,0.8
random,"[25512  2911  6452 18781 24617 23915 25709  3778 17374 20062  6815 30634
 29644  1247 23490 12083  8929 19001 16224   697  3206 18441 30040 27101
  4956 26767 31691 17741  3973 32438 11606 17415 29450 10187 14232 22717
 29666  5109 21843 25552  6899 28094 12471  1494 14607 28761 28287  7420
 28085  7243 15624 14343 20938  9526 18692 28277 12020 29227 10148 30009
  2688 16692 20626 12804 22073 23538 18095 27430  2381 21772 13700 22636
 17722 21467 28909 10370 24302 28771 26067 29029 19124 26110 15875 24279
 23985 21083 17792 13235 26113 19049 21603 30339  3117  1143 14051  5625
 28598  2633 30244  8471]","[25512  2911  6452 18781 24617 23915 25709  3778 17374 20062  6815 30634
 29644  1247 23490 12083  8929 19001 16224   697  3206 18441 30040 27101
  4956 26767 31691 17741  3973 32438 11606 17415 29450 10187 14232 22717
 29666  5109 21843 25552  6899 28094 12471  1494 14607 28761 28287  7420
 28085  7243 15624 14343 20938  9526 18692 28277 12020 29227 10148 30009
  2688 16692 20626 12804 22073 23538 18095 27430  2381 21772 13700 22636
 17722 21467 28909 10370 24302 28771 26067 29029 19124 26110 15875 24279
 23985 21083 17792 13235 26113 19049 21603 30339  3117  1143 14051  5625
 28598  2633 30244  8471]",,100,code_module,EEE,0.22618272719194174,11.2
opt,"[18441 12020 14232 15624 11606 19001 28287 26110 17415  1143 18692 23915
 26067 23490 17722  3778  4956 13235 23985 17374 16692 27101 21603  8471
  2688 31691 10148 28771 32438 21467 14051 30009 22073 13700 14607 22636
 24302 25512  6452 10370  2633 19124 29029 16224  6899 20062 28598 12083
 14343 30244 15875  6815 30040 18095   697  3206  1247 18781  7243 29666
 30634 17792  5109 10187  9526 20938 19049 30339 29644 21083 21843  2381
  5625 22717 26767 28761 25552 17741 12471 12804  7420 24279 23538 28094
 29450 24617 28909 25709  1494 28277  2911 21772 29227  3973  8929 20626
 27430 28085  3117 26113]","[21603, 21467, 22073, 20062, 20938, 21083, 21843, 21772, 20626, 18441, 12020, 14232, 15624, 11606, 19001, 28287, 26110, 17415, 1143, 18692, 23915, 26067, 23490, 17722, 3778, 4956, 13235, 23985, 17374, 16692, 27101, 8471, 2688, 31691, 10148, 28771, 32438, 14051, 30009, 13700, 14607, 22636, 24302, 25512, 6452, 10370, 2633, 19124, 29029, 16224, 6899, 28598, 12083, 14343, 30244, 15875, 6815, 30040, 18095, 697, 3206, 1247, 18781, 7243, 29666, 30634, 17792, 5109, 10187, 9526, 19049, 30339, 29644, 2381, 5625, 22717, 26767, 28761, 25552, 17741, 12471, 12804, 7420, 24279, 23538, 28094, 29450, 24617, 28909, 25709, 1494, 28277, 2911, 29227, 3973, 8929, 27430, 28085, 3117, 26113]",,100,code_module,EEE,2.8289682539682537,5.8
warmup,"[12471 12804 17374  2911 24617 20062  1494 14051 29227 23915 28085 19124
 24279 17722 29450 13235 32438 14232 30339  7420 23490 29029 28598  6815
 19001 18692 30244 30040 21843 14607 28277 28094 26113 23538  1143 12020
 21603 22717 17792  6452  4956 21467  2633 16692 26110  5625  3973 21083
  3778 27101 31691 17415   697  9526 13700 10187 11606  8929 29666 23985
 10370 10148 25512 15624 22636 18095 14343 30009 21772 16224 20626  2688
  3206 28287  8471 19049  6899 28909 24302 27430 17741 25552  5109 12083
 26767 22073 30634 15875 28761 26067 28771  2381  7243 20938 29644 25709
 18441  1247 18781  3117]","[20062, 21843, 21603, 21467, 21083, 21772, 20626, 22073, 20938, 12471, 12804, 17374, 2911, 24617, 1494, 14051, 29227, 23915, 28085, 19124, 24279, 17722, 29450, 13235, 32438, 14232, 30339, 7420, 23490, 29029, 28598, 6815, 19001, 18692, 30244, 30040, 14607, 28277, 28094, 26113, 23538, 1143, 12020, 22717, 17792, 6452, 4956, 2633, 16692, 26110, 5625, 3973, 3778, 27101, 31691, 17415, 697, 9526, 13700, 10187, 11606, 8929, 29666, 23985, 10370, 10148, 25512, 15624, 22636, 18095, 14343, 30009, 16224, 2688, 3206, 28287, 8471, 19049, 6899, 28909, 24302, 27430, 17741, 25552, 5109, 12083, 26767, 30634, 15875, 28761, 26067, 28771, 2381, 7243, 29644, 25709, 18441, 1247, 18781, 3117]",gemma2:9b,100,code_module,EEE,2.8289682539682537,15.0
bigraph,"[ 6899 25512 12083 29644  5109 14051  3206 18441  2688 28085  3973 12804
 23538 21083 28277 17722 27430 19124  5625 23915 18095  1143  1247 24302
 16224 18692 23985   697 26067 31691 14607 29450 17792 30244 22636 12020
  4956 13235 21772  2381 25709 13700  1494 22073  3778 28909 20626 23490
 17415 21467 30009 26113 27101 24617  2911 28094  3117 29029 16692 20938
 20062 28598 14343 30040  7243 32438  9526 28771 10187 21603 19001  7420
 15624 11606 18781  8929 26110 12471 30634 25552  2633 10148  6452 17741
 24279 28761 28287 10370 26767 19049 17374 29227 30339  8471 29666 21843
 15875  6815 22717 14232]","[21083, 21772, 22073, 20626, 21467, 20938, 20062, 21603, 21843, 23538, 23985, 29029, 17741, 30634, 11606, 17415, 6899, 25512, 12083, 29644, 5109, 14051, 3206, 18441, 2688, 28085, 3973, 12804, 28277, 17722, 27430, 19124, 5625, 23915, 18095, 1143, 1247, 24302, 16224, 18692, 697, 26067, 31691, 14607, 29450, 17792, 30244, 22636, 12020, 4956, 13235, 2381, 25709, 13700, 1494, 3778, 28909, 23490, 30009, 26113, 27101, 24617, 2911, 28094, 3117, 16692, 28598, 14343, 30040, 7243, 32438, 9526, 28771, 10187, 19001, 7420, 15624, 18781, 8929, 26110, 12471, 25552, 2633, 10148, 6452, 24279, 28761, 28287, 10370, 26767, 19049, 17374, 29227, 30339, 8471, 29666, 15875, 6815, 22717, 14232]",gemma2:9b,100,code_module,EEE,2.8289682539682537,5.2
random,"[20294 20741 31488 23348 29483  6250  9973 19393  5474 13635   124  1869
  3361  3074  4504  6807 25363   667 10873  8015  4696 26220  7671 17024
 17760 18156 30003  2630 13124  9593 25740  8917 30837 17087 26412 22718
 20884  3386 19603  7122 14750  2629 11885 24099 13185  1522 12699  1179
 23033 16107  7517 32240  8349 21556  7339  4153  3509  4922   146 14332
 25817 19817 21695 12555  9032 20095  9377 14766 32224 18426 14226  8970
  2159 29111 11545 10694 32253  9326  3051 17338 20284 26679 15954 18336
 29924 23553 15738 16200 28459  6961  3901  6287 19061 19445 24035 20566
 10068 26309 23752  1302]","[20294 20741 31488 23348 29483  6250  9973 19393  5474 13635   124  1869
  3361  3074  4504  6807 25363   667 10873  8015  4696 26220  7671 17024
 17760 18156 30003  2630 13124  9593 25740  8917 30837 17087 26412 22718
 20884  3386 19603  7122 14750  2629 11885 24099 13185  1522 12699  1179
 23033 16107  7517 32240  8349 21556  7339  4153  3509  4922   146 14332
 25817 19817 21695 12555  9032 20095  9377 14766 32224 18426 14226  8970
  2159 29111 11545 10694 32253  9326  3051 17338 20284 26679 15954 18336
 29924 23553 15738 16200 28459  6961  3901  6287 19061 19445 24035 20566
 10068 26309 23752  1302]",,100,code_module,EEE,1.7767407780205196,6.8
opt,"[ 6807 29111   124  3361 32253 28459 26309  6287 13124  7671  7517  3901
  8015 23348 12699 18336 32224  9032  2630 19445  3074 17087  4696 18426
  2629 17024 16107 22718 19603 18156  4504 17760  8917  1522 14766 20284
  9326 13185 29483  1869 14332 31488  1179 26220  7122 21695 16200 19061
 20741 20884 26679  3509 32240 19393 30003 10068  8970 19817  9377 29924
 11545  2159 10694 20566   146  7339 12555 23752  4922 25817   667 25363
 15954  6250 30837 26412 20095  8349  5474  9593 24035 23033  3051  9973
 10873 17338  3386 24099  1302 13635 14750 25740 21556 15738 23553  4153
 14226 11885 20294  6961]","[19445, 19603, 20284, 21695, 20741, 20884, 19393, 19817, 20566, 20095, 21556, 20294, 6807, 29111, 124, 3361, 32253, 28459, 26309, 6287, 13124, 7671, 7517, 3901, 8015, 23348, 12699, 18336, 32224, 9032, 2630, 3074, 17087, 4696, 18426, 2629, 17024, 16107, 22718, 18156, 4504, 17760, 8917, 1522, 14766, 9326, 13185, 29483, 1869, 14332, 31488, 1179, 26220, 7122, 16200, 19061, 26679, 3509, 32240, 30003, 10068, 8970, 9377, 29924, 11545, 2159, 10694, 146, 7339, 12555, 23752, 4922, 25817, 667, 25363, 15954, 6250, 30837, 26412, 8349, 5474, 9593, 24035, 23033, 3051, 9973, 10873, 17338, 3386, 24099, 1302, 13635, 14750, 25740, 15738, 23553, 4153, 14226, 11885, 6961]",,100,code_module,EEE,3.103210678210678,18.0
warmup,"[20294 11885  8917 16200  9377 19393  3074  3901  4153 18426 29111  6961
 24035 13185  7671 32253 11545 19603 26412 24099 12555 26220 20566  1302
  2630 25817  9593 15738  4922 23033 10694 21556  1522 30003  1179  7122
  8970 20284 14332   124 17024 32224 20884 14226 29924  3386  6287   667
 28459 26679 20741 14750  3509  1869 29483   146 13635 26309 15954 21695
 14766 17760  3361  5474  8349 22718 30837  6807 23553 16107  2629 23752
  6250 31488  9973 13124 18336 19817  4504  7517 17087  2159 12699  9326
  4696  7339 20095  8015 18156  9032 25740 32240 10068 10873  3051 25363
 17338 19445 19061 23348]","[20294, 19393, 19603, 20566, 21556, 20284, 20884, 20741, 21695, 19817, 20095, 19445, 11885, 8917, 16200, 9377, 3074, 3901, 4153, 18426, 29111, 6961, 24035, 13185, 7671, 32253, 11545, 26412, 24099, 12555, 26220, 1302, 2630, 25817, 9593, 15738, 4922, 23033, 10694, 1522, 30003, 1179, 7122, 8970, 14332, 124, 17024, 32224, 14226, 29924, 3386, 6287, 667, 28459, 26679, 14750, 3509, 1869, 29483, 146, 13635, 26309, 15954, 14766, 17760, 3361, 5474, 8349, 22718, 30837, 6807, 23553, 16107, 2629, 23752, 6250, 31488, 9973, 13124, 18336, 4504, 7517, 17087, 2159, 12699, 9326, 4696, 7339, 8015, 18156, 9032, 25740, 32240, 10068, 10873, 3051, 25363, 17338, 19061, 23348]",gemma2:9b,100,code_module,EEE,3.103210678210678,23.6
bigraph,"[12699 26412 20741  8349  8970  7517  9973  9326 20284 14766 21695 23033
 20095  7122  9032  2629 13124 19061 20884 15954 23553 16200  1869 10694
 22718 10068 29111 31488  2159  6287  3386  8917 11545 24035 18426 26220
 17024 19445 24099 21556  6250   124 25363 23752  1522  3074  7339 26679
 32224 20566 17338  3509  3901  6961 13635 20294  1302  4922 29483 25740
 30003   146 32253  3361  5474   667 19393 28459  4504  4696 12555  9377
 26309  2630 14226 32240 19817 29924 11885 10873 18336  3051 17760  6807
 14332  4153 19603  9593  8015 17087 13185 30837 15738 23348 16107  7671
 18156 25817  1179 14750]","[20741, 20284, 21695, 20095, 20884, 19445, 21556, 20566, 20294, 19393, 19817, 19603, 8970, 8349, 24035, 9973, 23553, 26220, 12699, 26412, 7517, 9326, 14766, 23033, 7122, 9032, 2629, 13124, 19061, 15954, 16200, 1869, 10694, 22718, 10068, 29111, 31488, 2159, 6287, 3386, 8917, 11545, 18426, 17024, 24099, 6250, 124, 25363, 23752, 1522, 3074, 7339, 26679, 32224, 17338, 3509, 3901, 6961, 13635, 1302, 4922, 29483, 25740, 30003, 146, 32253, 3361, 5474, 667, 28459, 4504, 4696, 12555, 9377, 26309, 2630, 14226, 32240, 29924, 11885, 10873, 18336, 3051, 17760, 6807, 14332, 4153, 9593, 8015, 17087, 13185, 30837, 15738, 23348, 16107, 7671, 18156, 25817, 1179, 14750]",gemma2:9b,100,code_module,EEE,3.103210678210678,5.6
random,"[10840 31416 23571 26064 12375 25348 30782  5817 25342  5485  1913  3741
  9615 11508 17354  4735 14261 23194 16744 14760 21320 32063  1081 10204
 29367 19592 16203  1317  1105 10383 29401  2556 32044 20681 24697  8505
 10557  5634 32076 13266 20096 29691 25466 26066 15570 14961  1421 19701
 20528 17287 21554  8295 16287 20550 14610 16462 23955   755   255 23957
  6832  9574 21398 30048 30356 27556  5906  9804 18780 27902 25125  9713
 15230 20810  1586 20743 32229 25934 27557  1598  3528 13903  7458 11621
 11018 17047 25347   503 21011 12690  7326 10974  2468 12575 20217  1222
 26532 31452 20934  5584]","[10840 31416 23571 26064 12375 25348 30782  5817 25342  5485  1913  3741
  9615 11508 17354  4735 14261 23194 16744 14760 21320 32063  1081 10204
 29367 19592 16203  1317  1105 10383 29401  2556 32044 20681 24697  8505
 10557  5634 32076 13266 20096 29691 25466 26066 15570 14961  1421 19701
 20528 17287 21554  8295 16287 20550 14610 16462 23955   755   255 23957
  6832  9574 21398 30048 30356 27556  5906  9804 18780 27902 25125  9713
 15230 20810  1586 20743 32229 25934 27557  1598  3528 13903  7458 11621
 11018 17047 25347   503 21011 12690  7326 10974  2468 12575 20217  1222
 26532 31452 20934  5584]",,100,code_module,EEE,0.2936581580133554,20.0
opt,"[32076  1222  2468 25466 19592  5817 13266  4735  7326 32063 24697 26064
 18780   503  8505 27902  1317 21320  8295  1913 29401 27556 32229 17287
  2556  3741 20528 17354 14261 20096  3528  9574 12690  5906 10974 25348
 23955 14610  7458  1421 30782 21554  9804 14961 11508 16744 23194 25934
 10557  5485 10204 14760  1598 15230 21011  1081 29367 23957 17047  9713
 13903  1105 20217  6832 20743 25125 26532 12575 16203 31416 27557 10383
 25342 19701 20681 16462 11621 26066 16287  1586 32044 21398 12375 25347
  5634 15570   255  5584   755  9615 30048 20934 31452 10840 30356 29691
 23571 20550 11018 20810]","[19592, 21320, 20528, 20096, 21554, 21011, 20217, 20743, 19701, 20681, 21398, 20934, 20550, 20810, 32076, 1222, 2468, 25466, 5817, 13266, 4735, 7326, 32063, 24697, 26064, 18780, 503, 8505, 27902, 1317, 8295, 1913, 29401, 27556, 32229, 17287, 2556, 3741, 17354, 14261, 3528, 9574, 12690, 5906, 10974, 25348, 23955, 14610, 7458, 1421, 30782, 9804, 14961, 11508, 16744, 23194, 25934, 10557, 5485, 10204, 14760, 1598, 15230, 1081, 29367, 23957, 17047, 9713, 13903, 1105, 6832, 25125, 26532, 12575, 16203, 31416, 27557, 10383, 25342, 16462, 11621, 26066, 16287, 1586, 32044, 12375, 25347, 5634, 15570, 255, 5584, 755, 9615, 30048, 31452, 10840, 30356, 29691, 23571, 11018]",,100,code_module,EEE,3.251562326562327,25.6
warmup,"[25347  1421  3741   503 27902  5584   755 16203 32229  2556 23955  1317
 25348 11621  1081  3528 29691 16462 29367 20681  1586  9615 10974  5485
  6832 13266 14961   255 10557 21398 32063 20528  5906  1222 14261 29401
 26066 32076 20810 30048 11018 12690 10383 21554 12575  1598 11508 20934
  8505  2468 14760 30356  5634 23571 17047 20550 25342 23957 30782  9804
 26064 10204  7326 31452 20096 23194 32044 15570 16744 26532 21320  9713
  4735  5817  7458 27556 12375 21011 25466  8295 19701 25934 16287 31416
 13903 20743 15230 17287 17354 20217 24697  1913 14610  1105 27557 25125
 19592 10840 18780  9574]","[29367, 21398, 20528, 20810, 21554, 20934, 20550, 20096, 21320, 21011, 19701, 20743, 20217, 19592, 25347, 1421, 3741, 503, 27902, 5584, 755, 16203, 32229, 2556, 23955, 1317, 25348, 11621, 1081, 3528, 29691, 16462, 20681, 1586, 9615, 10974, 5485, 6832, 13266, 14961, 255, 10557, 32063, 5906, 1222, 14261, 29401, 26066, 32076, 30048, 11018, 12690, 10383, 12575, 1598, 11508, 8505, 2468, 14760, 30356, 5634, 23571, 17047, 25342, 23957, 30782, 9804, 26064, 10204, 7326, 31452, 23194, 32044, 15570, 16744, 26532, 9713, 4735, 5817, 7458, 27556, 12375, 25466, 8295, 25934, 16287, 31416, 13903, 15230, 17287, 17354, 24697, 1913, 14610, 1105, 27557, 25125, 10840, 18780, 9574]",gemma2:9b,100,code_module,EEE,2.2818653568653575,20.8
bigraph,"[10204 31416  2468  3741  5584 13903 20550  6832 14760   755  5634 18780
  9713  7458 30782 27902 32076  1317 30356 16287 25347 20810 20528 21320
 11018  2556 23571  9615 26066 25342 20096 17047 20217 25348  1421 21554
 25934 23955 10974 10840 15570 17354  4735 12690 32044 12375 29691 14961
 11621 30048 31452 27556  1105  5485  1081 32229  9804  5817 23957 14610
 25466 20934  1586 24697 19592 16744 15230 12575 21011  1222 10383 29367
 32063 17287  3528 23194 29401 11508  7326 21398 13266 14261  8295 10557
  8505  9574 27557  1913 26532  5906 19701 20743  1598   503   255 16462
 26064 20681 25125 16203]","[20550, 20810, 20528, 21320, 9615, 20096, 20217, 21554, 20934, 19592, 21011, 21398, 19701, 20743, 20681, 2556, 30048, 27902, 25342, 16462, 10204, 31416, 2468, 3741, 5584, 13903, 6832, 14760, 755, 5634, 18780, 9713, 7458, 30782, 32076, 1317, 30356, 16287, 25347, 11018, 23571, 26066, 17047, 25348, 1421, 25934, 23955, 10974, 10840, 15570, 17354, 4735, 12690, 32044, 12375, 29691, 14961, 11621, 31452, 27556, 1105, 5485, 1081, 32229, 9804, 5817, 23957, 14610, 25466, 1586, 24697, 16744, 15230, 12575, 1222, 10383, 29367, 32063, 17287, 3528, 23194, 29401, 11508, 7326, 13266, 14261, 8295, 10557, 8505, 9574, 27557, 1913, 26532, 5906, 1598, 503, 255, 26064, 25125, 16203]",gemma2:9b,100,code_module,EEE,3.1182289932289935,18.2
random,"[ 2701  3026   228 11568 26528 17243  8118  7520 25353  2559 26795 18452
 18492 15474 16788  9336  7792  4352 15668 17149 20528 14920  1488 10680
  3704 12192  8728 24401  8545 13174 27531  7595 16805  3835 32053 30944
 29555  8136  9562 14867  1691 14523 16946  2555  8559 27973 26993 11575
 26875  9985 28253 21749 10673 20308 17785 15934  7284 21687  6754  5146
 17513 26412 20325  2010 12000 15330 19845  6145  6523 19157 24939  5509
  2707 18898 14962  6480 16759   376 20743 15803 17696 25301 13421 26086
 12010 14302  1061 21478  9354  3455 11562  5833 25166   988  7080 20341
 15587 10199 11187 19739]","[ 2701  3026   228 11568 26528 17243  8118  7520 25353  2559 26795 18452
 18492 15474 16788  9336  7792  4352 15668 17149 20528 14920  1488 10680
  3704 12192  8728 24401  8545 13174 27531  7595 16805  3835 32053 30944
 29555  8136  9562 14867  1691 14523 16946  2555  8559 27973 26993 11575
 26875  9985 28253 21749 10673 20308 17785 15934  7284 21687  6754  5146
 17513 26412 20325  2010 12000 15330 19845  6145  6523 19157 24939  5509
  2707 18898 14962  6480 16759   376 20743 15803 17696 25301 13421 26086
 12010 14302  1061 21478  9354  3455 11562  5833 25166   988  7080 20341
 15587 10199 11187 19739]",,100,code_module,EEE,0.1778466345644287,15.6
opt,"[10680   988 20308 25353 25301 21478 27973  7792  1061 20325 14302 15330
  2559 14523 26795 12192 28253 20743 15587 32053 26412  5833   228  3835
  8728  6480 17785  8559  7520 24401 14962 15474 26086 13174  2555 17149
  9562  3455  8545 11575 17513 26528  8136  7080  9985 26875 27531 16788
  9336 12000  4352 26993  5509 14920  5146 15668 16759 25166  6754 11187
 29555 12010 15934 16946  7595 20528  2707   376 10199  7284 11568  1488
 17696  8118 17243  6145 10673 24939 19845 16805 11562 14867 18492  1691
 21687 18898 30944 15803  2701  9354 13421 18452  3026  3704 20341 19739
  2010  6523 21749 19157]","[20308, 21478, 20325, 20743, 20528, 19845, 21687, 20341, 19739, 21749, 10680, 988, 25353, 25301, 27973, 7792, 1061, 14302, 15330, 2559, 14523, 26795, 12192, 28253, 15587, 32053, 26412, 5833, 228, 3835, 8728, 6480, 17785, 8559, 7520, 24401, 14962, 15474, 26086, 13174, 2555, 17149, 9562, 3455, 8545, 11575, 17513, 26528, 8136, 7080, 9985, 26875, 27531, 16788, 9336, 12000, 4352, 26993, 5509, 14920, 5146, 15668, 16759, 25166, 6754, 11187, 29555, 12010, 15934, 16946, 7595, 2707, 376, 10199, 7284, 11568, 1488, 17696, 8118, 17243, 6145, 10673, 24939, 16805, 11562, 14867, 18492, 1691, 18898, 30944, 15803, 2701, 9354, 13421, 18452, 3026, 3704, 2010, 6523, 19157]",,100,code_module,EEE,2.9289682539682538,4.8
warmup,"[ 6754  7080 15934  6480  5146 20308 21687 18452 20528  8559  6145 26993
 14302  9562  2555 19157 15330   988  7792 14962 10199 24401  5509 15668
  1488 20743  7520 16946  6523  2707 17149 11187 16759 17785 26086 13174
 15803 13421 11568 17513 26795  9985  3835  1691 19845 25353 16788 27531
 12192 11575 14867 26412 25301   376 29555 27973  7595 18898  2010 26528
  2701 11562 12010 30944 28253 32053  3455 19739 21478 25166 17696 17243
 21749  8136 16805  4352 14920 26875 15587 12000 10680 14523  8118 10673
  9354  8545  2559 20325  7284 20341 24939  5833 18492 15474  3704  3026
  1061   228  8728  9336]","[20308, 21687, 20528, 20743, 19845, 19739, 21478, 21749, 20325, 20341, 6754, 7080, 15934, 6480, 5146, 18452, 8559, 6145, 26993, 14302, 9562, 2555, 19157, 15330, 988, 7792, 14962, 10199, 24401, 5509, 15668, 1488, 7520, 16946, 6523, 2707, 17149, 11187, 16759, 17785, 26086, 13174, 15803, 13421, 11568, 17513, 26795, 9985, 3835, 1691, 25353, 16788, 27531, 12192, 11575, 14867, 26412, 25301, 376, 29555, 27973, 7595, 18898, 2010, 26528, 2701, 11562, 12010, 30944, 28253, 32053, 3455, 25166, 17696, 17243, 8136, 16805, 4352, 14920, 26875, 15587, 12000, 10680, 14523, 8118, 10673, 9354, 8545, 2559, 7284, 24939, 5833, 18492, 15474, 3704, 3026, 1061, 228, 8728, 9336]",gemma2:9b,100,code_module,EEE,2.9289682539682538,7.2
bigraph,"[  988 25353  6145 26993  1488 15668 12010  9336 10673 16788 12000  8136
 16946 13174  8545  3704 10680 15587  6523 21749  8728  6480 14302 11575
 24939 10199 25301  5146 25166  8118 20308  3455 14920 11187 17696  5833
 11562 28253  7080 14523 21478 19157 19845 15934  7595  7520 13421  2559
 26795 16805 26412 20325 15803  2701  3835 15474  9985 20528 18452  4352
  9354  1061  7792 19739 26086  8559 11568 18898 32053 30944 17513 15330
 12192  2010  1691 29555 17785  7284  5509 18492 27973 20743 27531 26875
  6754 24401 14867  2707  3026 20341 17149 21687  9562  2555 14962   228
 16759 26528   376 17243]","[21749, 20308, 19845, 20325, 20528, 19739, 20743, 20341, 21687, 21478, 8136, 16805, 16946, 7520, 15330, 988, 25353, 6145, 26993, 1488, 15668, 12010, 9336, 10673, 16788, 12000, 13174, 8545, 3704, 10680, 15587, 6523, 8728, 6480, 14302, 11575, 24939, 10199, 25301, 5146, 25166, 8118, 3455, 14920, 11187, 17696, 5833, 11562, 28253, 7080, 14523, 19157, 15934, 7595, 13421, 2559, 26795, 26412, 15803, 2701, 3835, 15474, 9985, 18452, 4352, 9354, 1061, 7792, 26086, 8559, 11568, 18898, 32053, 30944, 17513, 12192, 2010, 1691, 29555, 17785, 7284, 5509, 18492, 27973, 27531, 26875, 6754, 24401, 14867, 2707, 3026, 17149, 9562, 2555, 14962, 228, 16759, 26528, 376, 17243]",gemma2:9b,100,code_module,EEE,2.9289682539682538,11.2
random,"[11237 29614 13798 24022 18627 31269 25471 20897 10189 21392 19279  1639
 21202  2457  4626 23068  7479 31660 22575 22755 13280 10488 10850  6169
 19449 28533  9508 30581 21648  4158   831  4464 18578 23154 11470 25323
 27985  7257 19456  8075 32283 25652 15085 18046 23831 23748 28935 29279
 26492 28322 30859 13118  3143 23773  7666 31699 23632  4153 19408 24668
  2365  7221 14413 12991 10301  2404   709 24550 21663 17975  2455  8525
  7671 32404 17556 27629 26360  9131 21351  4099  9434 24385 16148 32269
  9096 11981  9586 26325 13113  9908 14047 21535 27491  3412  4633 13080
 11376 16570   679  4639]","[11237 29614 13798 24022 18627 31269 25471 20897 10189 21392 19279  1639
 21202  2457  4626 23068  7479 31660 22575 22755 13280 10488 10850  6169
 19449 28533  9508 30581 21648  4158   831  4464 18578 23154 11470 25323
 27985  7257 19456  8075 32283 25652 15085 18046 23831 23748 28935 29279
 26492 28322 30859 13118  3143 23773  7666 31699 23632  4153 19408 24668
  2365  7221 14413 12991 10301  2404   709 24550 21663 17975  2455  8525
  7671 32404 17556 27629 26360  9131 21351  4099  9434 24385 16148 32269
  9096 11981  9586 26325 13113  9908 14047 21535 27491  3412  4633 13080
 11376 16570   679  4639]",,100,code_module,EEE,0.45701656041584615,8.8
opt,"[ 1639   831  4633  4464  4158 26360 23831 14413 19449 15085 21351 22755
 28533  8525 13280 16570 23154  4626 27629 16148  7221   709 11376 27985
   679 23773  2404 32404  8075 28935 30581 27491 13798 25471  9131 13080
 21202  2365  3412 21663 17975 21648 19456 24022  9434 24385 25652  4639
 22575  2457  9096 26325 30859 11470 32283 10850 17556  9508 19408 24550
 12991  7479 23632  6169 18578 13113 25323  9586  7666 18627  4099 23748
 32269 10488 11981 10189  2455 14047 29614 31699 23068  7257 18046 31269
 21392  9908 13118  4153 26492  3143 11237 31660 10301 29279 21535 20897
  7671 19279 24668 28322]","[19449, 21351, 21202, 21663, 21648, 19456, 19408, 21392, 21535, 20897, 1639, 831, 4633, 4464, 4158, 26360, 23831, 14413, 15085, 22755, 28533, 8525, 13280, 16570, 23154, 4626, 27629, 16148, 7221, 709, 11376, 27985, 679, 23773, 2404, 32404, 8075, 28935, 30581, 27491, 13798, 25471, 9131, 13080, 2365, 3412, 17975, 24022, 9434, 24385, 25652, 4639, 22575, 2457, 9096, 26325, 30859, 11470, 32283, 10850, 17556, 9508, 24550, 12991, 7479, 23632, 6169, 18578, 13113, 25323, 9586, 7666, 18627, 4099, 23748, 32269, 10488, 11981, 10189, 2455, 14047, 29614, 31699, 23068, 7257, 18046, 31269, 9908, 13118, 4153, 26492, 3143, 11237, 31660, 10301, 29279, 7671, 19279, 24668, 28322]",,100,code_module,EEE,2.9289682539682538,7.6
warmup,"[11376 22755 24668 26325 26492 19456  9434  1639 10850 17975 28533 24022
 23068 21648  4639 14413 11237   831 23831  9908  9508 11470 22575 12991
 32269 21535  7257 24550 29614  2457 27985 16570 11981  7221 28935 29279
 27629  2455 32404 25652  4158 23748 18578  9096 23632 21202 13080 27491
 15085 19408 20897 28322  7479  7666  9586 18046  3412   679  2365  4626
 30581 31660   709 13118  8075 25471 18627 17556 19449  4633  4464 10189
  9131  8525 31269  2404 31699 16148 10488 30859 26360 21663  4153 23773
  6169 23154  3143 32283 21392 21351 19279 25323 13280 14047 24385  7671
 10301 13798 13113  4099]","[19456, 21648, 21535, 21202, 19408, 20897, 19449, 21663, 21392, 21351, 11376, 22755, 24668, 26325, 26492, 9434, 1639, 10850, 17975, 28533, 24022, 23068, 4639, 14413, 11237, 831, 23831, 9908, 9508, 11470, 22575, 12991, 32269, 7257, 24550, 29614, 2457, 27985, 16570, 11981, 7221, 28935, 29279, 27629, 2455, 32404, 25652, 4158, 23748, 18578, 9096, 23632, 13080, 27491, 15085, 28322, 7479, 7666, 9586, 18046, 3412, 679, 2365, 4626, 30581, 31660, 709, 13118, 8075, 25471, 18627, 17556, 4633, 4464, 10189, 9131, 8525, 31269, 2404, 31699, 16148, 10488, 30859, 26360, 4153, 23773, 6169, 23154, 3143, 32283, 19279, 25323, 13280, 14047, 24385, 7671, 10301, 13798, 13113, 4099]",gemma2:9b,100,code_module,EEE,2.9289682539682538,9.6
bigraph,"[11237   679 21351 21648 30859 24668 26360 26325 13080  4158 18046 10850
 28935 21392 32404  8525  4464 16148 14047 11376  7479  7671  1639 23068
 32283  9434 10189  3143 28322 31269  2404 27985  9508 27629  9096 23632
 19456 13118 21535  3412 22755 31660 15085   831 25652 21663  6169 24550
   709  2457 29279  2365 13113 29614 23748 32269 26492 20897  4153 17556
 19449 10488 22575  8075 17975 13280  4639 21202 25471 12991  7221 23831
  9908  7666 25323 24022 31699 18627 19279  4626 11981 14413 24385  4633
 11470 23773  7257 18578  9586 28533 10301  4099 30581 16570 19408  9131
 23154 13798 27491  2455]","[21351, 21648, 21392, 19456, 21535, 21663, 20897, 19449, 21202, 19408, 4464, 13118, 23068, 24022, 12991, 23154, 32283, 29279, 11237, 679, 30859, 24668, 26360, 26325, 13080, 4158, 18046, 10850, 28935, 32404, 8525, 16148, 14047, 11376, 7479, 7671, 1639, 9434, 10189, 3143, 28322, 31269, 2404, 27985, 9508, 27629, 9096, 23632, 3412, 22755, 31660, 15085, 831, 25652, 6169, 24550, 709, 2457, 2365, 13113, 29614, 23748, 32269, 26492, 4153, 17556, 10488, 22575, 8075, 17975, 13280, 4639, 25471, 7221, 23831, 9908, 7666, 25323, 31699, 18627, 19279, 4626, 11981, 14413, 24385, 4633, 11470, 23773, 7257, 18578, 9586, 28533, 10301, 4099, 30581, 16570, 9131, 13798, 27491, 2455]",gemma2:9b,100,code_module,EEE,2.9289682539682538,27.2
random,"[18798 26097  7916 27084 22592 13689 26354 25115  4527 11625 14660 31980
 14188  1408 29187  8281 10594  8568  8499 22796 12618 18040  4908  9742
 13806 23898 23879 18078 20341 18562 30459  2653 14022 20374  2475 26185
 26610 13438 22639 28944 25792  3602 14257 30627 29889  7517 12684 30247
 26277 21995 23065  9026  4133 19412  1078 13181 12420 26738 26536 30251
 23695 31307 20263  7264 23096 18650 18423 23789  4933  8436 18861 25256
 30164 16198 14866  2488 16140 25181 25014 23155  5883  7608 17985 30444
 20166 19928  3564 27462 20362 13440 18856 25199 17217 26946 25949 27019
 20012  2958  9308  4140]","[18798 26097  7916 27084 22592 13689 26354 25115  4527 11625 14660 31980
 14188  1408 29187  8281 10594  8568  8499 22796 12618 18040  4908  9742
 13806 23898 23879 18078 20341 18562 30459  2653 14022 20374  2475 26185
 26610 13438 22639 28944 25792  3602 14257 30627 29889  7517 12684 30247
 26277 21995 23065  9026  4133 19412  1078 13181 12420 26738 26536 30251
 23695 31307 20263  7264 23096 18650 18423 23789  4933  8436 18861 25256
 30164 16198 14866  2488 16140 25181 25014 23155  5883  7608 17985 30444
 20166 19928  3564 27462 20362 13440 18856 25199 17217 26946 25949 27019
 20012  2958  9308  4140]",,100,code_module,EEE,0.16322390398389874,12.6
opt,"[ 7264  8281 31980  4527 14022 25199  9308 18423 30251 14866 12420  4908
 16140 20374 30444 20263 23155 14660  2475 12618 25115 18040  7916 13440
 29889 23789 13806 19928 10594 18650 14257 30627 17985 31307 27462 19412
 14188 17217 20362  9026  9742 30459  4140  2958 18798  4933 30164  2653
 26185  7608 29187 20012 26354 20341 30247 25792 16198 22592 27084  5883
 26610 18562  2488  8568  1408 22796 18861 27019 22639  4133  1078 26738
  3602  3564 21995 13438 23898 12684 23065 26536 26277  8436 25181 23096
 25256 26946 13181 25949  7517 13689 23695 11625  8499 23879 18856 26097
 25014 20166 28944 18078]","[20374, 20263, 19928, 19412, 20362, 20012, 20341, 21995, 20166, 7264, 8281, 31980, 4527, 14022, 25199, 9308, 18423, 30251, 14866, 12420, 4908, 16140, 30444, 23155, 14660, 2475, 12618, 25115, 18040, 7916, 13440, 29889, 23789, 13806, 10594, 18650, 14257, 30627, 17985, 31307, 27462, 14188, 17217, 9026, 9742, 30459, 4140, 2958, 18798, 4933, 30164, 2653, 26185, 7608, 29187, 26354, 30247, 25792, 16198, 22592, 27084, 5883, 26610, 18562, 2488, 8568, 1408, 22796, 18861, 27019, 22639, 4133, 1078, 26738, 3602, 3564, 13438, 23898, 12684, 23065, 26536, 26277, 8436, 25181, 23096, 25256, 26946, 13181, 25949, 7517, 13689, 23695, 11625, 8499, 23879, 18856, 26097, 25014, 28944, 18078]",,100,code_module,EEE,2.8289682539682537,5.0
warmup,"[23065 13806 14660 20166 29889 28944  2488  9742  8436 26610 10594 13689
 22592  1408  1078  4133  7264 23096  8281 23898 18040  4140  3564 29187
 19928 18078 27019 13438 18856 25115 25792 31980 17985  9026 30247 30251
 20341 30164 25256 27462  7608  2958 17217 20012 26097 30444 23789  2475
 16140 14022 18650  5883 26536 14257 20263 25014 25199 11625 18798 31307
  8568 20362 26354 30627 23695  4527 26738 25949 18562  4908 30459  4933
 13181 21995 14188 14866  7916 12618 13440  7517 16198 22796 19412 18861
 23155  9308  3602  8499 12420  2653 25181 12684 26185 26946 20374 22639
 27084 23879 26277 18423]","[20166, 19928, 20341, 17217, 20012, 20263, 20362, 21995, 19412, 20374, 23065, 13806, 14660, 29889, 28944, 2488, 9742, 8436, 26610, 10594, 13689, 22592, 1408, 1078, 4133, 7264, 23096, 8281, 23898, 18040, 4140, 3564, 29187, 18078, 27019, 13438, 18856, 25115, 25792, 31980, 17985, 9026, 30247, 30251, 30164, 25256, 27462, 7608, 2958, 26097, 30444, 23789, 2475, 16140, 14022, 18650, 5883, 26536, 14257, 25014, 25199, 11625, 18798, 31307, 8568, 26354, 30627, 23695, 4527, 26738, 25949, 18562, 4908, 30459, 4933, 13181, 14188, 14866, 7916, 12618, 13440, 7517, 16198, 22796, 18861, 23155, 9308, 3602, 8499, 12420, 2653, 25181, 12684, 26185, 26946, 22639, 27084, 23879, 26277, 18423]",gemma2:9b,100,code_module,EEE,2.6789682539682538,9.6
bigraph,"[12684 20012 23096 10594 31307 30247  2475 13689 20362 29889 26185  8281
 18040 22796  2958 27084 17217 20374 20341  4133 27019 14660  7608 23789
 13181 23065 13440 18861  2653  1078 30164 23898 23155 26277 11625  3602
 31980  7916  4527  5883 29187 14188 18423 13438  1408 23879 25181 28944
 19412  4140 18856  7264 30627 26610 20166 14866 14257 12618 25199 22592
 21995 25949  4908 30459 20263 30444 14022 26738 22639  8568 18078 12420
 25115 27462 17985  3564 16140 26536  8436 25256 18562  9308 25014 13806
 30251 25792 19928  9026 18650 26354 26097  8499 26946 23695  7517 16198
 18798  2488  9742  4933]","[20012, 20362, 20374, 20341, 19412, 20166, 21995, 20263, 19928, 23898, 25199, 12684, 23096, 10594, 31307, 30247, 2475, 13689, 29889, 26185, 8281, 18040, 22796, 2958, 27084, 17217, 4133, 27019, 14660, 7608, 23789, 13181, 23065, 13440, 18861, 2653, 1078, 30164, 23155, 26277, 11625, 3602, 31980, 7916, 4527, 5883, 29187, 14188, 18423, 13438, 1408, 23879, 25181, 28944, 4140, 18856, 7264, 30627, 26610, 14866, 14257, 12618, 22592, 25949, 4908, 30459, 30444, 14022, 26738, 22639, 8568, 18078, 12420, 25115, 27462, 17985, 3564, 16140, 26536, 8436, 25256, 18562, 9308, 25014, 13806, 30251, 25792, 9026, 18650, 26354, 26097, 8499, 26946, 23695, 7517, 16198, 18798, 2488, 9742, 4933]",gemma2:9b,100,code_module,EEE,2.8289682539682537,2.2
